Date,7
1990-01-01,161
1990-01-02,158
1990-01-03,169
1990-01-04,146
1990-01-05,139
1990-01-06,160
1990-01-07,238
1990-01-08,182
1990-01-09,149
1990-01-10,136
1990-01-11,123
1990-01-12,115
1990-01-13,113
1990-01-14,107
1990-01-15,103
1990-01-16,114
1990-01-17,118
1990-01-18,289
1990-01-19,197
1990-01-20,152
1990-01-21,163
1990-01-22,185
1990-01-23,229
1990-01-24,231
1990-01-25,175
1990-01-26,156
1990-01-27,145
1990-01-28,207
1990-01-29,167
1990-01-30,160
1990-01-31,145
1990-02-01,134
1990-02-02,126
1990-02-03,123
1990-02-04,140
1990-02-05,174
1990-02-06,152
1990-02-07,132
1990-02-08,123
1990-02-09,115
1990-02-10,113
1990-02-11,110
1990-02-12,105
1990-02-13,98
1990-02-14,94.4
1990-02-15,93.3
1990-02-16,92.1
1990-02-17,88.4
1990-02-18,85.7
1990-02-19,81.5
1990-02-20,79.2
1990-02-21,78.2
1990-02-22,81.5
1990-02-23,77.6
1990-02-24,75.7
1990-02-25,71.9
1990-02-26,69.4
1990-02-27,67.5
1990-02-28,66.9
1990-03-01,64.6
1990-03-02,58.6
1990-03-03,58.6
1990-03-04,58.6
1990-03-05,62.4
1990-03-06,63.8
1990-03-07,98
1990-03-08,85.9
1990-03-09,71.9
1990-03-10,85.8
1990-03-11,95.6
1990-03-12,287
1990-03-13,602
1990-03-14,393
1990-03-15,369
1990-03-16,240
1990-03-17,175
1990-03-18,191
1990-03-19,162
1990-03-20,200
1990-03-21,172
1990-03-22,142
1990-03-23,126
1990-03-24,123
1990-03-25,110
1990-03-26,105
1990-03-27,114
1990-03-28,105
1990-03-29,95.1
1990-03-30,87.8
1990-03-31,85.2
1990-04-01,93.1
1990-04-02,80.8
1990-04-03,80.8
1990-04-04,76.4
1990-04-05,72
1990-04-06,67.7
1990-04-07,64.5
1990-04-08,70.2
1990-04-09,101
1990-04-10,74.2
1990-04-11,66
1990-04-12,67.7
1990-04-13,65.6
1990-04-14,65.6
1990-04-15,62.5
1990-04-16,61.5
1990-04-17,58.4
1990-04-18,57.5
1990-04-19,56.5
1990-04-20,55.4
1990-04-21,55.4
1990-04-22,57.5
1990-04-23,65.6
1990-04-24,61.5
1990-04-25,57.5
1990-04-26,55.4
1990-04-27,55.4
1990-04-28,55.4
1990-04-29,53.5
1990-04-30,54.4
1990-05-01,83
1990-05-02,111
1990-05-03,89.6
1990-05-04,101
1990-05-05,114
1990-05-06,116
1990-05-07,101
1990-05-08,130
1990-05-09,116
1990-05-10,102
1990-05-11,102
1990-05-12,162
1990-05-13,130
1990-05-14,169
1990-05-15,188
1990-05-16,208
1990-05-17,152
1990-05-18,146
1990-05-19,134
1990-05-20,138
1990-05-21,119
1990-05-22,200
1990-05-23,169
1990-05-24,232
1990-05-25,196
1990-05-26,158
1990-05-27,172
1990-05-28,243
1990-05-29,156
1990-05-30,134
1990-05-31,130
1990-06-01,126
1990-06-02,134
1990-06-03,128
1990-06-04,148
1990-06-05,138
1990-06-06,152
1990-06-07,156
1990-06-08,138
1990-06-09,162
1990-06-10,200
1990-06-11,172
1990-06-12,177
1990-06-13,208
1990-06-14,210
1990-06-15,171
1990-06-16,194
1990-06-17,208
1990-06-18,180
1990-06-19,152
1990-06-20,142
1990-06-21,136
1990-06-22,138
1990-06-23,128
1990-06-24,145
1990-06-25,132
1990-06-26,134
1990-06-27,215
1990-06-28,212
1990-06-29,155
1990-06-30,138
1990-07-01,134
1990-07-02,130
1990-07-03,143
1990-07-04,186
1990-07-05,199
1990-07-06,149
1990-07-07,132
1990-07-08,141
1990-07-09,138
1990-07-10,139
1990-07-11,161
1990-07-12,142
1990-07-13,135
1990-07-14,123
1990-07-15,141
1990-07-16,143
1990-07-17,127
1990-07-18,232
1990-07-19,202
1990-07-20,146
1990-07-21,136
1990-07-22,152
1990-07-23,150
1990-07-24,155
1990-07-25,155
1990-07-26,149
1990-07-27,146
1990-07-28,130
1990-07-29,116
1990-07-30,124
1990-07-31,115
1990-08-01,111
1990-08-02,163
1990-08-03,237
1990-08-04,159
1990-08-05,175
1990-08-06,150
1990-08-07,263
1990-08-08,186
1990-08-09,155
1990-08-10,156
1990-08-11,143
1990-08-12,134
1990-08-13,126
1990-08-14,138
1990-08-15,134
1990-08-16,142
1990-08-17,134
1990-08-18,139
1990-08-19,158
1990-08-20,141
1990-08-21,153
1990-08-22,199
1990-08-23,304
1990-08-24,191
1990-08-25,169
1990-08-26,150
1990-08-27,135
1990-08-28,128
1990-08-29,123
1990-08-30,152
1990-08-31,156
1990-09-01,128
1990-09-02,119
1990-09-03,114
1990-09-04,105
1990-09-05,98.8
1990-09-06,97.5
1990-09-07,95.1
1990-09-08,93.9
1990-09-09,104
1990-09-10,123
1990-09-11,141
1990-09-12,106
1990-09-13,105
1990-09-14,149
1990-09-15,162
1990-09-16,141
1990-09-17,134
1990-09-18,112
1990-09-19,112
1990-09-20,120
1990-09-21,141
1990-09-22,159
1990-09-23,142
1990-09-24,138
1990-09-25,139
1990-09-26,120
1990-09-27,124
1990-09-28,122
1990-09-29,120
1990-09-30,111
1990-10-01,101
1990-10-02,97.5
1990-10-03,90.4
1990-10-04,110
1990-10-05,168
1990-10-06,215
1990-10-07,265
1990-10-08,188
1990-10-09,197
1990-10-10,192
1990-10-11,243
1990-10-12,291
1990-10-13,225
1990-10-14,205
1990-10-15,245
1990-10-16,258
1990-10-17,217
1990-10-18,199
1990-10-19,169
1990-10-20,171
1990-10-21,174
1990-10-22,148
1990-10-23,169
1990-10-24,182
1990-10-25,153
1990-10-26,153
1990-10-27,150
1990-10-28,254
1990-10-29,185
1990-10-30,155
1990-10-31,141
1990-11-01,149
1990-11-02,228
1990-11-03,210
1990-11-04,221
1990-11-05,345
1990-11-06,265
1990-11-07,212
1990-11-08,188
1990-11-09,238
1990-11-10,197
1990-11-11,180
1990-11-12,172
1990-11-13,185
1990-11-14,199
1990-11-15,217
1990-11-16,200
1990-11-17,192
1990-11-18,163
1990-11-19,146
1990-11-20,136
1990-11-21,139
1990-11-22,127
1990-11-23,119
1990-11-24,119
1990-11-25,130
1990-11-26,122
1990-11-27,111
1990-11-28,118
1990-11-29,135
1990-11-30,122
1990-12-01,105
1990-12-02,106
1990-12-03,115
1990-12-04,109
1990-12-05,301
1990-12-06,277
1990-12-07,189
1990-12-08,217
1990-12-09,358
1990-12-10,562
1990-12-11,568
1990-12-12,306
1990-12-13,233
1990-12-14,204
1990-12-15,279
1990-12-16,425
1990-12-17,304
1990-12-18,230
1990-12-19,220
1990-12-20,217
1990-12-21,186
1990-12-22,169
1990-12-23,158
1990-12-24,146
1990-12-25,138
1990-12-26,131
1990-12-27,130
1990-12-28,122
1990-12-29,116
1990-12-30,111
1990-12-31,106
1991-01-01,105
1991-01-02,105
1991-01-03,105
1991-01-04,97.5
1991-01-05,93.1
1991-01-06,92.2
1991-01-07,93.1
1991-01-08,86.1
1991-01-09,82.1
1991-01-10,80.2
1991-01-11,78.8
1991-01-12,77.6
1991-01-13,74.4
1991-01-14,73.3
1991-01-15,73.3
1991-01-16,74.2
1991-01-17,78.8
1991-01-18,74.4
1991-01-19,71.3
1991-01-20,73.3
1991-01-21,69.1
1991-01-22,68.1
1991-01-23,65
1991-01-24,62.5
1991-01-25,61.9
1991-01-26,60.9
1991-01-27,59.9
1991-01-28,59.9
1991-01-29,56.8
1991-01-30,55.8
1991-01-31,54.4
1991-02-01,59.1
1991-02-02,78.5
1991-02-03,80.5
1991-02-04,80.8
1991-02-05,76.6
1991-02-06,67.1
1991-02-07,60.9
1991-02-08,58.9
1991-02-09,56.8
1991-02-10,55
1991-02-11,58
1991-02-12,82.1
1991-02-13,70.2
1991-02-14,63.9
1991-02-15,60.2
1991-02-16,149
1991-02-17,98.8
1991-02-18,79.7
1991-02-19,71.9
1991-02-20,66
1991-02-21,62.5
1991-02-22,60.9
1991-02-23,61
1991-02-24,57.8
1991-02-25,56.8
1991-02-26,58.6
1991-02-27,141
1991-02-28,148
1991-03-01,146
1991-03-02,123
1991-03-03,101
1991-03-04,88.6
1991-03-05,142
1991-03-06,114
1991-03-07,96.3
1991-03-08,88.6
1991-03-09,83.2
1991-03-10,88.6
1991-03-11,77.6
1991-03-12,71.3
1991-03-13,70.2
1991-03-14,67.1
1991-03-15,64.1
1991-03-16,60.9
1991-03-17,56.8
1991-03-18,55.8
1991-03-19,54.8
1991-03-20,54.3
1991-03-21,52.8
1991-03-22,51.8
1991-03-23,50.8
1991-03-24,51.8
1991-03-25,49.5
1991-03-26,53.8
1991-03-27,70.2
1991-03-28,56.8
1991-03-29,53.8
1991-03-30,71.3
1991-03-31,61.5
1991-04-01,62.2
1991-04-02,65
1991-04-03,61.9
1991-04-04,54.8
1991-04-05,50.8
1991-04-06,50.3
1991-04-07,353
1991-04-08,172
1991-04-09,115
1991-04-10,132
1991-04-11,153
1991-04-12,130
1991-04-13,141
1991-04-14,122
1991-04-15,119
1991-04-16,111
1991-04-17,97.5
1991-04-18,97.5
1991-04-19,88.6
1991-04-20,79.8
1991-04-21,73.3
1991-04-22,72
1991-04-23,81.6
1991-04-24,87.8
1991-04-25,96.3
1991-04-26,92.2
1991-04-27,84.2
1991-04-28,84.2
1991-04-29,85.2
1991-04-30,82.1
1991-05-01,91.3
1991-05-02,116
1991-05-03,123
1991-05-04,126
1991-05-05,149
1991-05-06,168
1991-05-07,152
1991-05-08,127
1991-05-09,178
1991-05-10,265
1991-05-11,254
1991-05-12,231
1991-05-13,240
1991-05-14,199
1991-05-15,180
1991-05-16,205
1991-05-17,279
1991-05-18,254
1991-05-19,180
1991-05-20,183
1991-05-21,197
1991-05-22,177
1991-05-23,170
1991-05-24,164
1991-05-25,139
1991-05-26,132
1991-05-27,136
1991-05-28,140
1991-05-29,146
1991-05-30,145
1991-05-31,177
1991-06-01,185
1991-06-02,145
1991-06-03,187
1991-06-04,200
1991-06-05,220
1991-06-06,185
1991-06-07,170
1991-06-08,160
1991-06-09,149
1991-06-10,139
1991-06-11,132
1991-06-12,136
1991-06-13,155
1991-06-14,200
1991-06-15,187
1991-06-16,202
1991-06-17,197
1991-06-18,170
1991-06-19,187
1991-06-20,301
1991-06-21,380
1991-06-22,304
1991-06-23,258
1991-06-24,204
1991-06-25,190
1991-06-26,192
1991-06-27,207
1991-06-28,170
1991-06-29,170
1991-06-30,177
1991-07-01,180
1991-07-02,164
1991-07-03,145
1991-07-04,146
1991-07-05,136
1991-07-06,133
1991-07-07,134
1991-07-08,122
1991-07-09,122
1991-07-10,132
1991-07-11,174
1991-07-12,166
1991-07-13,158
1991-07-14,143
1991-07-15,142
1991-07-16,197
1991-07-17,200
1991-07-18,199
1991-07-19,187
1991-07-20,180
1991-07-21,160
1991-07-22,147
1991-07-23,146
1991-07-24,218
1991-07-25,245
1991-07-26,284
1991-07-27,247
1991-07-28,385
1991-07-29,225
1991-07-30,195
1991-07-31,185
1991-08-01,195
1991-08-02,197
1991-08-03,174
1991-08-04,160
1991-08-05,149
1991-08-06,145
1991-08-07,155
1991-08-08,207
1991-08-09,216
1991-08-10,204
1991-08-11,218
1991-08-12,2667
1991-08-13,931
1991-08-14,386
1991-08-15,273
1991-08-16,228
1991-08-17,199
1991-08-18,191
1991-08-19,170
1991-08-20,137
1991-08-21,121
1991-08-22,263
1991-08-23,166
1991-08-24,139
1991-08-25,108
1991-08-26,128
1991-08-27,251
1991-08-28,162
1991-08-29,132
1991-08-30,168
1991-08-31,212
1991-09-01,139
1991-09-02,108
1991-09-03,121
1991-09-04,114
1991-09-05,119
1991-09-06,117
1991-09-07,93.7
1991-09-08,81.7
1991-09-09,90.6
1991-09-10,76
1991-09-11,64.2
1991-09-12,90.6
1991-09-13,76
1991-09-14,61.7
1991-09-15,61.7
1991-09-16,59.3
1991-09-17,81.7
1991-09-18,110
1991-09-19,188
1991-09-20,160
1991-09-21,148
1991-09-22,156
1991-09-23,150
1991-09-24,110
1991-09-25,102
1991-09-26,137
1991-09-27,170
1991-09-28,141
1991-09-29,170
1991-09-30,132
1991-10-01,132
1991-10-02,143
1991-10-03,128
1991-10-04,166
1991-10-05,145
1991-10-06,137
1991-10-07,112
1991-10-08,90.6
1991-10-09,76
1991-10-10,86
1991-10-11,107
1991-10-12,191
1991-10-13,146
1991-10-14,156
1991-10-15,137
1991-10-16,95.2
1991-10-17,89
1991-10-18,96.8
1991-10-19,86
1991-10-20,81.7
1991-10-21,81.7
1991-10-22,78.8
1991-10-23,64.2
1991-10-24,74.7
1991-10-25,66.7
1991-10-26,130
1991-10-27,168
1991-10-28,135
1991-10-29,184
1991-10-30,221
1991-10-31,184
1991-11-01,141
1991-11-02,132
1991-11-03,110
1991-11-04,117
1991-11-05,110
1991-11-06,84.6
1991-11-07,64.2
1991-11-08,58.2
1991-11-09,55.8
1991-11-10,59.3
1991-11-11,84.6
1991-11-12,128
1991-11-13,103
1991-11-14,77.4
1991-11-15,61.7
1991-11-16,52.5
1991-11-17,46.1
1991-11-18,43.1
1991-11-19,44
1991-11-20,41.1
1991-11-21,92.1
1991-11-22,81.7
1991-11-23,105
1991-11-24,108
1991-11-25,439
1991-11-26,361
1991-11-27,270
1991-11-28,233
1991-11-29,226
1991-11-30,208
1991-12-01,220
1991-12-02,188
1991-12-03,177
1991-12-04,216
1991-12-05,248
1991-12-06,192
1991-12-07,177
1991-12-08,188
1991-12-09,320
1991-12-10,310
1991-12-11,224
1991-12-12,196
1991-12-13,184
1991-12-14,166
1991-12-15,159
1991-12-16,155
1991-12-17,147
1991-12-18,139
1991-12-19,131
1991-12-20,126
1991-12-21,121
1991-12-22,126
1991-12-23,268
1991-12-24,166
1991-12-25,154
1991-12-26,140
1991-12-27,142
1991-12-28,143
1991-12-29,184
1991-12-30,198
1991-12-31,157
1992-01-01,142
1992-01-02,140
1992-01-03,131
1992-01-04,123
1992-01-05,126
1992-01-06,123
1992-01-07,137
1992-01-08,113
1992-01-09,108
1992-01-10,101
1992-01-11,94.8
1992-01-12,92
1992-01-13,94.8
1992-01-14,93.4
1992-01-15,93.4
1992-01-16,89.2
1992-01-17,87.8
1992-01-18,82.5
1992-01-19,81.2
1992-01-20,78.6
1992-01-21,77.3
1992-01-22,76.1
1992-01-23,78.6
1992-01-24,72.4
1992-01-25,77.3
1992-01-26,85.1
1992-01-27,87.8
1992-01-28,79.9
1992-01-29,76.1
1992-01-30,74.8
1992-01-31,87.8
1992-02-01,87.8
1992-02-02,82.5
1992-02-03,77.3
1992-02-04,73.6
1992-02-05,70
1992-02-06,67.6
1992-02-07,65.3
1992-02-08,65.3
1992-02-09,70
1992-02-10,73.6
1992-02-11,93.4
1992-02-12,72.4
1992-02-13,67.6
1992-02-14,63.1
1992-02-15,60.9
1992-02-16,58.7
1992-02-17,59.8
1992-02-18,60.9
1992-02-19,65.3
1992-02-20,90.6
1992-02-21,72.4
1992-02-22,70
1992-02-23,82.5
1992-02-24,68.8
1992-02-25,62
1992-02-26,59.8
1992-02-27,56.6
1992-02-28,64.2
1992-02-29,59.8
1992-03-01,83.8
1992-03-02,254
1992-03-03,272
1992-03-04,166
1992-03-05,118
1992-03-06,104
1992-03-07,96.3
1992-03-08,94.8
1992-03-09,92
1992-03-10,81.2
1992-03-11,74.8
1992-03-12,71.2
1992-03-13,67.6
1992-03-14,68.8
1992-03-15,71.2
1992-03-16,65.3
1992-03-17,63.1
1992-03-18,62
1992-03-19,62
1992-03-20,65.3
1992-03-21,63.1
1992-03-22,58.7
1992-03-23,56.6
1992-03-24,55.6
1992-03-25,55.6
1992-03-26,53.6
1992-03-27,50.6
1992-03-28,49.7
1992-03-29,49.7
1992-03-30,52.6
1992-03-31,53.6
1992-04-01,53.6
1992-04-02,52.6
1992-04-03,50.6
1992-04-04,49.7
1992-04-05,47.8
1992-04-06,46.9
1992-04-07,45.9
1992-04-08,44.1
1992-04-09,43.3
1992-04-10,43.3
1992-04-11,43.3
1992-04-12,131
1992-04-13,76.1
1992-04-14,57.7
1992-04-15,53.6
1992-04-16,53.6
1992-04-17,67.6
1992-04-18,58.7
1992-04-19,59.8
1992-04-20,64.2
1992-04-21,54.6
1992-04-22,49.7
1992-04-23,48.7
1992-04-24,47.8
1992-04-25,60.9
1992-04-26,646
1992-04-27,364
1992-04-28,293
1992-04-29,296
1992-04-30,224
1992-05-01,184
1992-05-02,166
1992-05-03,137
1992-05-04,118
1992-05-05,422
1992-05-06,472
1992-05-07,212
1992-05-08,433
1992-05-09,397
1992-05-10,286
1992-05-11,282
1992-05-12,254
1992-05-13,254
1992-05-14,224
1992-05-15,196
1992-05-16,173
1992-05-17,159
1992-05-18,155
1992-05-19,173
1992-05-20,218
1992-05-21,224
1992-05-22,224
1992-05-23,206
1992-05-24,218
1992-05-25,190
1992-05-26,196
1992-05-27,226
1992-05-28,181
1992-05-29,159
1992-05-30,157
1992-05-31,149
1992-06-01,143
1992-06-02,131
1992-06-03,131
1992-06-04,126
1992-06-05,131
1992-06-06,133
1992-06-07,120
1992-06-08,116
1992-06-09,159
1992-06-10,154
1992-06-11,171
1992-06-12,171
1992-06-13,154
1992-06-14,139
1992-06-15,130
1992-06-16,133
1992-06-17,123
1992-06-18,184
1992-06-19,182
1992-06-20,159
1992-06-21,154
1992-06-22,147
1992-06-23,131
1992-06-24,224
1992-06-25,137
1992-06-26,130
1992-06-27,125
1992-06-28,128
1992-06-29,108
1992-06-30,128
1992-07-01,113
1992-07-02,115
1992-07-03,166
1992-07-04,139
1992-07-05,121
1992-07-06,121
1992-07-07,111
1992-07-08,130
1992-07-09,206
1992-07-10,192
1992-07-11,149
1992-07-12,140
1992-07-13,120
1992-07-14,116
1992-07-15,126
1992-07-16,152
1992-07-17,115
1992-07-18,101
1992-07-19,93.4
1992-07-20,131
1992-07-21,137
1992-07-22,118
1992-07-23,99.2
1992-07-24,113
1992-07-25,105
1992-07-26,94.8
1992-07-27,93.4
1992-07-28,101
1992-07-29,105
1992-07-30,133
1992-07-31,192
1992-08-01,210
1992-08-02,170
1992-08-03,198
1992-08-04,212
1992-08-05,170
1992-08-06,139
1992-08-07,145
1992-08-08,143
1992-08-09,155
1992-08-10,140
1992-08-11,126
1992-08-12,179
1992-08-13,162
1992-08-14,145
1992-08-15,168
1992-08-16,177
1992-08-17,139
1992-08-18,121
1992-08-19,113
1992-08-20,111
1992-08-21,111
1992-08-22,115
1992-08-23,110
1992-08-24,137
1992-08-25,162
1992-08-26,152
1992-08-27,182
1992-08-28,208
1992-08-29,241
1992-08-30,301
1992-08-31,259
1992-09-01,239
1992-09-02,204
1992-09-03,200
1992-09-04,173
1992-09-05,159
1992-09-06,149
1992-09-07,149
1992-09-08,161
1992-09-09,226
1992-09-10,235
1992-09-11,228
1992-09-12,192
1992-09-13,173
1992-09-14,159
1992-09-15,171
1992-09-16,181
1992-09-17,173
1992-09-18,208
1992-09-19,248
1992-09-20,210
1992-09-21,218
1992-09-22,181
1992-09-23,179
1992-09-24,206
1992-09-25,188
1992-09-26,186
1992-09-27,194
1992-09-28,224
1992-09-29,222
1992-09-30,204
1992-10-01,182
1992-10-02,202
1992-10-03,196
1992-10-04,192
1992-10-05,270
1992-10-06,245
1992-10-07,200
1992-10-08,228
1992-10-09,220
1992-10-10,177
1992-10-11,171
1992-10-12,200
1992-10-13,216
1992-10-14,173
1992-10-15,162
1992-10-16,162
1992-10-17,289
1992-10-18,245
1992-10-19,286
1992-10-20,245
1992-10-21,235
1992-10-22,239
1992-10-23,222
1992-10-24,194
1992-10-25,212
1992-10-26,202
1992-10-27,177
1992-10-28,162
1992-10-29,154
1992-10-30,175
1992-10-31,171
1992-11-01,154
1992-11-02,137
1992-11-03,128
1992-11-04,118
1992-11-05,121
1992-11-06,120
1992-11-07,111
1992-11-08,110
1992-11-09,102
1992-11-10,94.8
1992-11-11,90.6
1992-11-12,89.2
1992-11-13,87.8
1992-11-14,86.5
1992-11-15,83.8
1992-11-16,86.5
1992-11-17,89.2
1992-11-18,78.6
1992-11-19,77.3
1992-11-20,74.8
1992-11-21,73.6
1992-11-22,78.6
1992-11-23,83.8
1992-11-24,93.4
1992-11-25,142
1992-11-26,99.2
1992-11-27,118
1992-11-28,212
1992-11-29,162
1992-11-30,149
1992-12-01,121
1992-12-02,108
1992-12-03,159
1992-12-04,224
1992-12-05,149
1992-12-06,135
1992-12-07,149
1992-12-08,135
1992-12-09,123
1992-12-10,107
1992-12-11,166
1992-12-12,118
1992-12-13,105
1992-12-14,101
1992-12-15,92
1992-12-16,90.6
1992-12-17,86.5
1992-12-18,79.9
1992-12-19,79.9
1992-12-20,79.9
1992-12-21,79.9
1992-12-22,77.3
1992-12-23,74.8
1992-12-24,74.8
1992-12-25,76.1
1992-12-26,135
1992-12-27,179
1992-12-28,601
1992-12-29,481
1992-12-30,241
1992-12-31,208
1993-01-01,184
1993-01-02,155
1993-01-03,140
1993-01-04,140
1993-01-05,121
1993-01-06,113
1993-01-07,131
1993-01-08,115
1993-01-09,131
1993-01-10,126
1993-01-11,111
1993-01-12,99.2
1993-01-13,97.7
1993-01-14,93.4
1993-01-15,97.7
1993-01-16,96.3
1993-01-17,99.2
1993-01-18,89.2
1993-01-19,94.8
1993-01-20,110
1993-01-21,92
1993-01-22,87.8
1993-01-23,108
1993-01-24,107
1993-01-25,108
1993-01-26,93.4
1993-01-27,140
1993-01-28,184
1993-01-29,139
1993-01-30,118
1993-01-31,159
1993-02-01,315
1993-02-02,284
1993-02-03,250
1993-02-04,202
1993-02-05,175
1993-02-06,155
1993-02-07,145
1993-02-08,137
1993-02-09,128
1993-02-10,121
1993-02-11,113
1993-02-12,107
1993-02-13,99.2
1993-02-14,93.4
1993-02-15,86.5
1993-02-16,81.2
1993-02-17,78.6
1993-02-18,76.1
1993-02-19,115
1993-02-20,116
1993-02-21,86.5
1993-02-22,78.6
1993-02-23,74.8
1993-02-24,70
1993-02-25,67.6
1993-02-26,66.5
1993-02-27,64.2
1993-02-28,62
1993-03-01,60.9
1993-03-02,58.7
1993-03-03,57.7
1993-03-04,57.7
1993-03-05,56.6
1993-03-06,55.6
1993-03-07,55.6
1993-03-08,54.6
1993-03-09,54.6
1993-03-10,53.6
1993-03-11,50.6
1993-03-12,49.7
1993-03-13,49.7
1993-03-14,391
1993-03-15,636
1993-03-16,411
1993-03-17,265
1993-03-18,204
1993-03-19,170
1993-03-20,241
1993-03-21,261
1993-03-22,202
1993-03-23,166
1993-03-24,145
1993-03-25,137
1993-03-26,121
1993-03-27,113
1993-03-28,133
1993-03-29,181
1993-03-30,161
1993-03-31,147
1993-04-01,126
1993-04-02,107
1993-04-03,87.8
1993-04-04,83.8
1993-04-05,81.2
1993-04-06,78.6
1993-04-07,76.1
1993-04-08,71.2
1993-04-09,70
1993-04-10,70
1993-04-11,68.8
1993-04-12,66.5
1993-04-13,65.3
1993-04-14,64.2
1993-04-15,64.2
1993-04-16,118
1993-04-17,111
1993-04-18,87.8
1993-04-19,82.5
1993-04-20,83.8
1993-04-21,72.4
1993-04-22,86.5
1993-04-23,115
1993-04-24,137
1993-04-25,143
1993-04-26,179
1993-04-27,118
1993-04-28,104
1993-04-29,118
1993-04-30,154
1993-05-01,152
1993-05-02,177
1993-05-03,179
1993-05-04,162
1993-05-05,139
1993-05-06,121
1993-05-07,118
1993-05-08,121
1993-05-09,137
1993-05-10,208
1993-05-11,268
1993-05-12,226
1993-05-13,226
1993-05-14,254
1993-05-15,250
1993-05-16,208
1993-05-17,228
1993-05-18,222
1993-05-19,200
1993-05-20,192
1993-05-21,181
1993-05-22,202
1993-05-23,250
1993-05-24,224
1993-05-25,282
1993-05-26,194
1993-05-27,184
1993-05-28,173
1993-05-29,152
1993-05-30,155
1993-05-31,175
1993-06-01,166
1993-06-02,168
1993-06-03,162
1993-06-04,145
1993-06-05,133
1993-06-06,139
1993-06-07,143
1993-06-08,128
1993-06-09,121
1993-06-10,143
1993-06-11,159
1993-06-12,175
1993-06-13,190
1993-06-14,181
1993-06-15,171
1993-06-16,190
1993-06-17,250
1993-06-18,270
1993-06-19,208
1993-06-20,175
1993-06-21,182
1993-06-22,235
1993-06-23,220
1993-06-24,216
1993-06-25,212
1993-06-26,206
1993-06-27,175
1993-06-28,166
1993-06-29,164
1993-06-30,184
1993-07-01,200
1993-07-02,181
1993-07-03,170
1993-07-04,181
1993-07-05,237
1993-07-06,220
1993-07-07,168
1993-07-08,162
1993-07-09,177
1993-07-10,168
1993-07-11,143
1993-07-12,140
1993-07-13,131
1993-07-14,155
1993-07-15,177
1993-07-16,159
1993-07-17,139
1993-07-18,131
1993-07-19,120
1993-07-20,137
1993-07-21,123
1993-07-22,126
1993-07-23,177
1993-07-24,139
1993-07-25,128
1993-07-26,121
1993-07-27,108
1993-07-28,105
1993-07-29,99.2
1993-07-30,99.2
1993-07-31,152
1993-08-01,118
1993-08-02,104
1993-08-03,105
1993-08-04,118
1993-08-05,113
1993-08-06,126
1993-08-07,128
1993-08-08,128
1993-08-09,116
1993-08-10,152
1993-08-11,152
1993-08-12,159
1993-08-13,133
1993-08-14,133
1993-08-15,145
1993-08-16,133
1993-08-17,131
1993-08-18,126
1993-08-19,118
1993-08-20,111
1993-08-21,110
1993-08-22,99.2
1993-08-23,94.8
1993-08-24,93.4
1993-08-25,104
1993-08-26,121
1993-08-27,123
1993-08-28,113
1993-08-29,96.3
1993-08-30,87.8
1993-08-31,101
1993-09-01,90.6
1993-09-02,155
1993-09-03,177
1993-09-04,268
1993-09-05,301
1993-09-06,218
1993-09-07,208
1993-09-08,220
1993-09-09,192
1993-09-10,159
1993-09-11,142
1993-09-12,154
1993-09-13,150
1993-09-14,145
1993-09-15,192
1993-09-16,177
1993-09-17,168
1993-09-18,200
1993-09-19,212
1993-09-20,222
1993-09-21,175
1993-09-22,159
1993-09-23,152
1993-09-24,154
1993-09-25,166
1993-09-26,181
1993-09-27,143
1993-09-28,133
1993-09-29,128
1993-09-30,131
1993-10-01,192
1993-10-02,210
1993-10-03,149
1993-10-04,137
1993-10-05,145
1993-10-06,126
1993-10-07,115
1993-10-08,113
1993-10-09,111
1993-10-10,118
1993-10-11,157
1993-10-12,171
1993-10-13,133
1993-10-14,159
1993-10-15,155
1993-10-16,133
1993-10-17,140
1993-10-18,188
1993-10-19,155
1993-10-20,131
1993-10-21,123
1993-10-22,126
1993-10-23,140
1993-10-24,168
1993-10-25,186
1993-10-26,170
1993-10-27,184
1993-10-28,152
1993-10-29,137
1993-10-30,131
1993-10-31,131
1993-11-01,128
1993-11-02,131
1993-11-03,128
1993-11-04,116
1993-11-05,110
1993-11-06,104
1993-11-07,142
1993-11-08,121
1993-11-09,111
1993-11-10,108
1993-11-11,140
1993-11-12,131
1993-11-13,115
1993-11-14,111
1993-11-15,102
1993-11-16,105
1993-11-17,96.3
1993-11-18,110
1993-11-19,104
1993-11-20,99.2
1993-11-21,130
1993-11-22,147
1993-11-23,155
1993-11-24,137
1993-11-25,147
1993-11-26,137
1993-11-27,118
1993-11-28,113
1993-11-29,113
1993-11-30,118
1993-12-01,111
1993-12-02,118
1993-12-03,102
1993-12-04,99.2
1993-12-05,94.8
1993-12-06,87.8
1993-12-07,87.8
1993-12-08,87.8
1993-12-09,425
1993-12-10,2419
1993-12-11,695
1993-12-12,452
1993-12-13,316
1993-12-14,267
1993-12-15,237
1993-12-16,208
1993-12-17,199
1993-12-18,173
1993-12-19,165
1993-12-20,157
1993-12-21,146
1993-12-22,134
1993-12-23,127
1993-12-24,120
1993-12-25,113
1993-12-26,110
1993-12-27,107
1993-12-28,107
1993-12-29,100
1993-12-30,100
1993-12-31,100
1994-01-01,95.4
1994-01-02,112
1994-01-03,95.4
1994-01-04,87.9
1994-01-05,84.9
1994-01-06,247
1994-01-07,153
1994-01-08,115
1994-01-09,103
1994-01-10,95.4
1994-01-11,86.4
1994-01-12,82
1994-01-13,78.5
1994-01-14,73.5
1994-01-15,73.5
1994-01-16,73.5
1994-01-17,90.9
1994-01-18,89.4
1994-01-19,92.4
1994-01-20,90.9
1994-01-21,82
1994-01-22,78.5
1994-01-23,75.2
1994-01-24,70.4
1994-01-25,67.3
1994-01-26,65.8
1994-01-27,65.8
1994-01-28,64.3
1994-01-29,62.9
1994-01-30,58.8
1994-01-31,60.1
1994-02-01,58.8
1994-02-02,53.6
1994-02-03,57.4
1994-02-04,51.1
1994-02-05,54.8
1994-02-06,51.1
1994-02-07,61.5
1994-02-08,118
1994-02-09,82
1994-02-10,68.8
1994-02-11,61.5
1994-02-12,57.4
1994-02-13,62.9
1994-02-14,75.2
1994-02-15,52.3
1994-02-16,52.3
1994-02-17,61.5
1994-02-18,57.4
1994-02-19,54.8
1994-02-20,53.6
1994-02-21,52.3
1994-02-22,54.8
1994-02-23,51.1
1994-02-24,49.9
1994-02-25,49.9
1994-02-26,51.1
1994-02-27,53.6
1994-02-28,53.6
1994-03-01,56.1
1994-03-02,47.6
1994-03-03,41.2
1994-03-04,46.5
1994-03-05,52.3
1994-03-06,47.6
1994-03-07,62.9
1994-03-08,60.1
1994-03-09,48.8
1994-03-10,43.2
1994-03-11,41.2
1994-03-12,40.2
1994-03-13,39.2
1994-03-14,38.3
1994-03-15,37.3
1994-03-16,38.3
1994-03-17,36.4
1994-03-18,37.3
1994-03-19,36.4
1994-03-20,37.3
1994-03-21,41.2
1994-03-22,37.3
1994-03-23,35.5
1994-03-24,39.2
1994-03-25,35.5
1994-03-26,34.6
1994-03-27,32.9
1994-03-28,38.3
1994-03-29,41.2
1994-03-30,48.8
1994-03-31,46.5
1994-04-01,39.2
1994-04-02,43.2
1994-04-03,41.2
1994-04-04,38.3
1994-04-05,36.4
1994-04-06,33.7
1994-04-07,32.1
1994-04-08,32.1
1994-04-09,32.9
1994-04-10,31.2
1994-04-11,32.1
1994-04-12,43.2
1994-04-13,40.2
1994-04-14,82
1994-04-15,60.1
1994-04-16,54.8
1994-04-17,47.6
1994-04-18,41.2
1994-04-19,43.2
1994-04-20,47.6
1994-04-21,41.2
1994-04-22,62.9
1994-04-23,49.9
1994-04-24,45.4
1994-04-25,56.1
1994-04-26,56.1
1994-04-27,75.2
1994-04-28,71.9
1994-04-29,159
1994-04-30,186
1994-05-01,176
1994-05-02,142
1994-05-03,105
1994-05-04,87.9
1994-05-05,87.9
1994-05-06,87.9
1994-05-07,93.9
1994-05-08,95.4
1994-05-09,90.9
1994-05-10,89.4
1994-05-11,82
1994-05-12,84.9
1994-05-13,89.4
1994-05-14,103
1994-05-15,89.4
1994-05-16,92.4
1994-05-17,86.4
1994-05-18,84.9
1994-05-19,98.6
1994-05-20,76.8
1994-05-21,131
1994-05-22,202
1994-05-23,149
1994-05-24,149
1994-05-25,136
1994-05-26,113
1994-05-27,117
1994-05-28,142
1994-05-29,275
1994-05-30,211
1994-05-31,220
1994-06-01,232
1994-06-02,151
1994-06-03,124
1994-06-04,132
1994-06-05,136
1994-06-06,138
1994-06-07,103
1994-06-08,155
1994-06-09,191
1994-06-10,138
1994-06-11,132
1994-06-12,131
1994-06-13,146
1994-06-14,191
1994-06-15,188
1994-06-16,191
1994-06-17,222
1994-06-18,220
1994-06-19,151
1994-06-20,125
1994-06-21,110
1994-06-22,103
1994-06-23,117
1994-06-24,117
1994-06-25,131
1994-06-26,129
1994-06-27,102
1994-06-28,146
1994-06-29,220
1994-06-30,149
1994-07-01,124
1994-07-02,110
1994-07-03,120
1994-07-04,167
1994-07-05,132
1994-07-06,127
1994-07-07,122
1994-07-08,105
1994-07-09,100
1994-07-10,108
1994-07-11,103
1994-07-12,97
1994-07-13,103
1994-07-14,97
1994-07-15,100
1994-07-16,167
1994-07-17,247
1994-07-18,165
1994-07-19,213
1994-07-20,218
1994-07-21,291
1994-07-22,308
1994-07-23,228
1994-07-24,190
1994-07-25,194
1994-07-26,204
1994-07-27,173
1994-07-28,159
1994-07-29,190
1994-07-30,204
1994-07-31,184
1994-08-01,155
1994-08-02,250
1994-08-03,204
1994-08-04,202
1994-08-05,214
1994-08-06,284
1994-08-07,291
1994-08-08,237
1994-08-09,218
1994-08-10,194
1994-08-11,190
1994-08-12,159
1994-08-13,166
1994-08-14,168
1994-08-15,140
1994-08-16,128
1994-08-17,123
1994-08-18,128
1994-08-19,121
1994-08-20,118
1994-08-21,115
1994-08-22,111
1994-08-23,126
1994-08-24,135
1994-08-25,126
1994-08-26,111
1994-08-27,107
1994-08-28,118
1994-08-29,202
1994-08-30,147
1994-08-31,118
1994-09-01,118
1994-09-02,111
1994-09-03,104
1994-09-04,135
1994-09-05,175
1994-09-06,181
1994-09-07,135
1994-09-08,126
1994-09-09,115
1994-09-10,118
1994-09-11,126
1994-09-12,184
1994-09-13,194
1994-09-14,184
1994-09-15,147
1994-09-16,164
1994-09-17,147
1994-09-18,131
1994-09-19,142
1994-09-20,157
1994-09-21,159
1994-09-22,214
1994-09-23,364
1994-09-24,348
1994-09-25,343
1994-09-26,318
1994-09-27,272
1994-09-28,252
1994-09-29,222
1994-09-30,210
1994-10-01,184
1994-10-02,168
1994-10-03,152
1994-10-04,145
1994-10-05,149
1994-10-06,166
1994-10-07,145
1994-10-08,162
1994-10-09,210
1994-10-10,245
1994-10-11,323
1994-10-12,313
1994-10-13,245
1994-10-14,206
1994-10-15,192
1994-10-16,188
1994-10-17,228
1994-10-18,272
1994-10-19,265
1994-10-20,241
1994-10-21,204
1994-10-22,177
1994-10-23,164
1994-10-24,157
1994-10-25,194
1994-10-26,210
1994-10-27,159
1994-10-28,142
1994-10-29,133
1994-10-30,121
1994-10-31,143
1994-11-01,147
1994-11-02,147
1994-11-03,128
1994-11-04,164
1994-11-05,171
1994-11-06,293
1994-11-07,268
1994-11-08,305
1994-11-09,222
1994-11-10,192
1994-11-11,166
1994-11-12,206
1994-11-13,184
1994-11-14,179
1994-11-15,164
1994-11-16,194
1994-11-17,186
1994-11-18,164
1994-11-19,175
1994-11-20,159
1994-11-21,140
1994-11-22,126
1994-11-23,126
1994-11-24,128
1994-11-25,171
1994-11-26,298
1994-11-27,222
1994-11-28,173
1994-11-29,391
1994-11-30,265
1994-12-01,200
1994-12-02,186
1994-12-03,164
1994-12-04,140
1994-12-05,131
1994-12-06,313
1994-12-07,397
1994-12-08,594
1994-12-09,564
1994-12-10,764
1994-12-11,503
1994-12-12,372
1994-12-13,531
1994-12-14,618
1994-12-15,604
1994-12-16,402
1994-12-17,313
1994-12-18,252
1994-12-19,222
1994-12-20,200
1994-12-21,177
1994-12-22,168
1994-12-23,155
1994-12-24,152
1994-12-25,140
1994-12-26,159
1994-12-27,168
1994-12-28,140
1994-12-29,128
1994-12-30,126
1994-12-31,123
1995-01-01,96.8
1995-01-02,33.6
1995-01-03,30.9
1995-01-04,30.9
1995-01-05,29.6
1995-01-06,28.3
1995-01-07,27.7
1995-01-08,27.1
1995-01-09,27.1
1995-01-10,90
1995-01-11,141
1995-01-12,141
1995-01-13,84
1995-01-14,62
1995-01-15,51.8
1995-01-16,47.2
1995-01-17,42
1995-01-18,39.3
1995-01-19,37.3
1995-01-20,34.3
1995-01-21,32.3
1995-01-22,30.9
1995-01-23,29.6
1995-01-24,23.4
1995-01-25,28.3
1995-01-26,27.1
1995-01-27,26.5
1995-01-28,25.2
1995-01-29,24.6
1995-01-30,24
1995-01-31,170
1995-02-01,165
1995-02-02,152
1995-02-03,165
1995-02-04,154
1995-02-05,140
1995-02-06,140
1995-02-07,121
1995-02-08,112
1995-02-09,113
1995-02-10,95.5
1995-02-11,91.8
1995-02-12,88.9
1995-02-13,103
1995-02-14,138
1995-02-15,343
1995-02-16,332
1995-02-17,180
1995-02-18,162
1995-02-19,130
1995-02-20,112
1995-02-21,106
1995-02-22,96.9
1995-02-23,101
1995-02-24,85.5
1995-02-25,77.9
1995-02-26,80.2
1995-02-27,115
1995-02-28,100
1995-03-01,179
1995-03-02,147
1995-03-03,165
1995-03-04,181
1995-03-05,176
1995-03-06,179
1995-03-07,146
1995-03-08,146
1995-03-09,126
1995-03-10,120
1995-03-11,139
1995-03-12,126
1995-03-13,112
1995-03-14,103
1995-03-15,101
1995-03-16,189
1995-03-17,156
1995-03-18,172
1995-03-19,146
1995-03-20,139
1995-03-21,151
1995-03-22,277
1995-03-23,317
1995-03-24,290
1995-03-25,203
1995-03-26,179
1995-03-27,156
1995-03-28,249
1995-03-29,179
1995-03-30,155
1995-03-31,141
1995-04-01,178
1995-04-02,204
1995-04-03,160
1995-04-04,161
1995-04-05,147
1995-04-06,132
1995-04-07,132
1995-04-08,133
1995-04-09,115
1995-04-10,104
1995-04-11,101
1995-04-12,122
1995-04-13,180
1995-04-14,149
1995-04-15,133
1995-04-16,129
1995-04-17,111
1995-04-18,101
1995-04-19,96.8
1995-04-20,118
1995-04-21,97.6
1995-04-22,103
1995-04-23,101
1995-04-24,156
1995-04-25,198
1995-04-26,144
1995-04-27,141
1995-04-28,198
1995-04-29,199
1995-04-30,146
1995-05-01,157
1995-05-02,148
1995-05-03,160
1995-05-04,189
1995-05-05,175
1995-05-06,136
1995-05-07,139
1995-05-08,152
1995-05-09,124
1995-05-10,110
1995-05-11,105
1995-05-12,131
1995-05-13,140
1995-05-14,153
1995-05-15,183
1995-05-16,144
1995-05-17,164
1995-05-18,157
1995-05-19,167
1995-05-20,172
1995-05-21,167
1995-05-22,201
1995-05-23,161
1995-05-24,155
1995-05-25,137
1995-05-26,152
1995-05-27,197
1995-05-28,281
1995-05-29,235
1995-05-30,281
1995-05-31,302
1995-06-01,220
1995-06-02,202
1995-06-03,171
1995-06-04,152
1995-06-05,144
1995-06-06,137
1995-06-07,134
1995-06-08,180
1995-06-09,273
1995-06-10,302
1995-06-11,260
1995-06-12,230
1995-06-13,221
1995-06-14,201
1995-06-15,181
1995-06-16,197
1995-06-17,266
1995-06-18,318
1995-06-19,256
1995-06-20,233
1995-06-21,276
1995-06-22,255
1995-06-23,205
1995-06-24,223
1995-06-25,276
1995-06-26,300
1995-06-27,268
1995-06-28,263
1995-06-29,288
1995-06-30,241
1995-07-01,218
1995-07-02,211
1995-07-03,242
1995-07-04,213
1995-07-05,196
1995-07-06,195
1995-07-07,171
1995-07-08,175
1995-07-09,152
1995-07-10,154
1995-07-11,159
1995-07-12,226
1995-07-13,317
1995-07-14,287
1995-07-15,268
1995-07-16,287
1995-07-17,265
1995-07-18,308
1995-07-19,336
1995-07-20,317
1995-07-21,325
1995-07-22,286
1995-07-23,260
1995-07-24,268
1995-07-25,229
1995-07-26,208
1995-07-27,211
1995-07-28,205
1995-07-29,215
1995-07-30,204
1995-07-31,170
1995-08-01,159
1995-08-02,146
1995-08-03,143
1995-08-04,144
1995-08-05,147
1995-08-06,139
1995-08-07,140
1995-08-08,153
1995-08-09,160
1995-08-10,137
1995-08-11,154
1995-08-12,189
1995-08-13,217
1995-08-14,172
1995-08-15,163
1995-08-16,146
1995-08-17,135
1995-08-18,133
1995-08-19,124
1995-08-20,123
1995-08-21,121
1995-08-22,131
1995-08-23,119
1995-08-24,145
1995-08-25,171
1995-08-26,141
1995-08-27,163
1995-08-28,184
1995-08-29,159
1995-08-30,130
1995-08-31,124
1995-09-01,113
1995-09-02,106
1995-09-03,121
1995-09-04,111
1995-09-05,104
1995-09-06,97.5
1995-09-07,92.9
1995-09-08,89.3
1995-09-09,87.8
1995-09-10,84.4
1995-09-11,82.9
1995-09-12,82.7
1995-09-13,83.4
1995-09-14,77.5
1995-09-15,76.2
1995-09-16,79.6
1995-09-17,74.8
1995-09-18,75.2
1995-09-19,73.9
1995-09-20,75.5
1995-09-21,72.5
1995-09-22,72
1995-09-23,69.6
1995-09-24,75.9
1995-09-25,162
1995-09-26,108
1995-09-27,116
1995-09-28,99.3
1995-09-29,92.1
1995-09-30,124
1995-10-01,110
1995-10-02,89
1995-10-03,84.7
1995-10-04,80.2
1995-10-05,108
1995-10-06,107
1995-10-07,94.1
1995-10-08,105
1995-10-09,93.2
1995-10-10,96.5
1995-10-11,421
1995-10-12,851
1995-10-13,584
1995-10-14,294
1995-10-15,261
1995-10-16,211
1995-10-17,190
1995-10-18,158
1995-10-19,198
1995-10-20,177
1995-10-21,145
1995-10-22,127
1995-10-23,119
1995-10-24,114
1995-10-25,132
1995-10-26,125
1995-10-27,115
1995-10-28,107
1995-10-29,96.7
1995-10-30,97.2
1995-10-31,95.7
1995-11-01,88
1995-11-02,67.9
1995-11-03,65.2
1995-11-04,58.5
1995-11-05,56.2
1995-11-06,59.2
1995-11-07,112
1995-11-08,594
1995-11-09,402
1995-11-10,322
1995-11-11,250
1995-11-12,215
1995-11-13,189
1995-11-14,265
1995-11-15,1345
1995-11-16,1098
1995-11-17,530
1995-11-18,364
1995-11-19,319
1995-11-20,286
1995-11-21,254
1995-11-22,230
1995-11-23,189
1995-11-24,174
1995-11-25,165
1995-11-26,151
1995-11-27,136
1995-11-28,130
1995-11-29,124
1995-11-30,119
1995-12-01,145
1995-12-02,115
1995-12-03,103
1995-12-04,92.7
1995-12-05,88.6
1995-12-06,82.5
1995-12-07,75.7
1995-12-08,75
1995-12-09,71.8
1995-12-10,70.8
1995-12-11,80.5
1995-12-12,110
1995-12-13,97.1
1995-12-14,87
1995-12-15,80.1
1995-12-16,81.4
1995-12-17,74.8
1995-12-18,70.9
1995-12-19,70.5
1995-12-20,68.6
1995-12-21,69.3
1995-12-22,62.8
1995-12-23,59.3
1995-12-24,138
1995-12-25,146
1995-12-26,105
1995-12-27,87.2
1995-12-28,82.6
1995-12-29,104
1995-12-30,91.9
1995-12-31,123
1996-01-01,102
1996-01-02,88.9
1996-01-03,81.2
1996-01-04,72.7
1996-01-05,71.6
1996-01-06,65.9
1996-01-07,65.2
1996-01-08,64.7
1996-01-09,60.9
1996-01-10,58.4
1996-01-11,56.1
1996-01-12,57.8
1996-01-13,58.9
1996-01-14,54.7
1996-01-15,53
1996-01-16,50.7
1996-01-17,45.1
1996-01-18,46
1996-01-19,46.9
1996-01-20,46.6
1996-01-21,46.9
1996-01-22,45.6
1996-01-23,44.4
1996-01-24,46.2
1996-01-25,45.4
1996-01-26,41.4
1996-01-27,44.4
1996-01-28,57.2
1996-01-29,60.5
1996-01-30,60
1996-01-31,50.6
1996-02-01,83.5
1996-02-02,55.8
1996-02-03,48
1996-02-04,48.7
1996-02-05,51.2
1996-02-06,92.9
1996-02-07,109
1996-02-08,95.9
1996-02-09,127
1996-02-10,94.3
1996-02-11,179
1996-02-12,179
1996-02-13,159
1996-02-14,221
1996-02-15,406
1996-02-16,460
1996-02-17,270
1996-02-18,372
1996-02-19,271
1996-02-20,221
1996-02-21,203
1996-02-22,204
1996-02-23,181
1996-02-24,190
1996-02-25,187
1996-02-26,192
1996-02-27,172
1996-02-28,174
1996-02-29,182
1996-03-01,265
1996-03-02,303
1996-03-03,276
1996-03-04,233
1996-03-05,229
1996-03-06,201
1996-03-07,175
1996-03-08,171
1996-03-09,174
1996-03-10,162
1996-03-11,153
1996-03-12,139
1996-03-13,137
1996-03-14,155
1996-03-15,144
1996-03-16,137
1996-03-17,152
1996-03-18,168
1996-03-19,183
1996-03-20,153
1996-03-21,153
1996-03-22,142
1996-03-23,131
1996-03-24,138
1996-03-25,182
1996-03-26,144
1996-03-27,181
1996-03-28,149
1996-03-29,209
1996-03-30,234
1996-03-31,415
1996-04-01,581
1996-04-02,449
1996-04-03,318
1996-04-04,292
1996-04-05,284
1996-04-06,242
1996-04-07,213
1996-04-08,199
1996-04-09,179
1996-04-10,191
1996-04-11,195
1996-04-12,177
1996-04-13,160
1996-04-14,151
1996-04-15,144
1996-04-16,144
1996-04-17,139
1996-04-18,166
1996-04-19,210
1996-04-20,247
1996-04-21,210
1996-04-22,168
1996-04-23,165
1996-04-24,179
1996-04-25,165
1996-04-26,155
1996-04-27,155
1996-04-28,145
1996-04-29,530
1996-04-30,255
1996-05-01,217
1996-05-02,182
1996-05-03,169
1996-05-04,166
1996-05-05,156
1996-05-06,147
1996-05-07,139
1996-05-08,143
1996-05-09,149
1996-05-10,141
1996-05-11,221
1996-05-12,201
1996-05-13,154
1996-05-14,143
1996-05-15,140
1996-05-16,145
1996-05-17,139
1996-05-18,131
1996-05-19,262
1996-05-20,256
1996-05-21,179
1996-05-22,177
1996-05-23,174
1996-05-24,149
1996-05-25,147
1996-05-26,154
1996-05-27,136
1996-05-28,164
1996-05-29,184
1996-05-30,156
1996-05-31,143
1996-06-01,140
1996-06-02,144
1996-06-03,131
1996-06-04,129
1996-06-05,142
1996-06-06,175
1996-06-07,189
1996-06-08,179
1996-06-09,209
1996-06-10,194
1996-06-11,208
1996-06-12,248
1996-06-13,222
1996-06-14,179
1996-06-15,170
1996-06-16,159
1996-06-17,175
1996-06-18,182
1996-06-19,175
1996-06-20,164
1996-06-21,150
1996-06-22,161
1996-06-23,171
1996-06-24,145
1996-06-25,168
1996-06-26,143
1996-06-27,131
1996-06-28,154
1996-06-29,175
1996-06-30,195
1996-07-01,200
1996-07-02,240
1996-07-03,321
1996-07-04,219
1996-07-05,194
1996-07-06,207
1996-07-07,197
1996-07-08,182
1996-07-09,205
1996-07-10,240
1996-07-11,215
1996-07-12,252
1996-07-13,259
1996-07-14,257
1996-07-15,290
1996-07-16,281
1996-07-17,251
1996-07-18,253
1996-07-19,265
1996-07-20,247
1996-07-21,220
1996-07-22,232
1996-07-23,199
1996-07-24,178
1996-07-25,171
1996-07-26,162
1996-07-27,154
1996-07-28,144
1996-07-29,155
1996-07-30,190
1996-07-31,178
1996-08-01,173
1996-08-02,166
1996-08-03,160
1996-08-04,162
1996-08-05,175
1996-08-06,217
1996-08-07,302
1996-08-08,265
1996-08-09,268
1996-08-10,289
1996-08-11,248
1996-08-12,217
1996-08-13,194
1996-08-14,184
1996-08-15,183
1996-08-16,181
1996-08-17,171
1996-08-18,169
1996-08-19,176
1996-08-20,177
1996-08-21,166
1996-08-22,199
1996-08-23,221
1996-08-24,225
1996-08-25,229
1996-08-26,185
1996-08-27,161
1996-08-28,166
1996-08-29,664
1996-08-30,342
1996-08-31,166
1996-09-01,127
1996-09-02,114
1996-09-03,180
1996-09-04,198
1996-09-05,148
1996-09-06,126
1996-09-07,105
1996-09-08,95.8
1996-09-09,92.2
1996-09-10,186
1996-09-11,174
1996-09-12,111
1996-09-13,101
1996-09-14,107
1996-09-15,89.6
1996-09-16,114
1996-09-17,131
1996-09-18,196
1996-09-19,167
1996-09-20,159
1996-09-21,234
1996-09-22,1217
1996-09-23,1339
1996-09-24,425
1996-09-25,290
1996-09-26,230
1996-09-27,200
1996-09-28,208
1996-09-29,180
1996-09-30,149
1996-10-01,135
1996-10-02,122
1996-10-03,112
1996-10-04,106
1996-10-05,100
1996-10-06,97.8
1996-10-07,94.6
1996-10-08,87.9
1996-10-09,85.1
1996-10-10,86.4
1996-10-11,78.8
1996-10-12,72.2
1996-10-13,72
1996-10-14,74.1
1996-10-15,71.2
1996-10-16,70.3
1996-10-17,62
1996-10-18,61
1996-10-19,59.2
1996-10-20,57.3
1996-10-21,58.6
1996-10-22,136
1996-10-23,114
1996-10-24,77.1
1996-10-25,73.7
1996-10-26,74.1
1996-10-27,64.7
1996-10-28,65.8
1996-10-29,62.1
1996-10-30,59.5
1996-10-31,58.3
1996-11-01,55.5
1996-11-02,56.1
1996-11-03,57.5
1996-11-04,57.2
1996-11-05,55.5
1996-11-06,50.8
1996-11-07,52.9
1996-11-08,51.7
1996-11-09,66.9
1996-11-10,66.7
1996-11-11,66.5
1996-11-12,117
1996-11-13,387
1996-11-14,175
1996-11-15,115
1996-11-16,291
1996-11-17,280
1996-11-18,265
1996-11-19,204
1996-11-20,144
1996-11-21,132
1996-11-22,132
1996-11-23,135
1996-11-24,156
1996-11-25,296
1996-11-26,521
1996-11-27,808
1996-11-28,432
1996-11-29,288
1996-11-30,243
1996-12-01,264
1996-12-02,279
1996-12-03,258
1996-12-04,213
1996-12-05,188
1996-12-06,169
1996-12-07,186
1996-12-08,185
1996-12-09,171
1996-12-10,157
1996-12-11,154
1996-12-12,149
1996-12-13,137
1996-12-14,127
1996-12-15,120
1996-12-16,120
1996-12-17,118
1996-12-18,113
1996-12-19,111
1996-12-20,110
1996-12-21,111
1996-12-22,117
1996-12-23,118
1996-12-24,115
1996-12-25,110
1996-12-26,104
1996-12-27,99.8
1996-12-28,98
1996-12-29,94.7
1996-12-30,93.5
1996-12-31,91
1997-01-01,88
1997-01-02,86
1997-01-03,85.3
1997-01-04,84.1
1997-01-05,82.4
1997-01-06,80.9
1997-01-07,79.5
1997-01-08,77.9
1997-01-09,78
1997-01-10,77.3
1997-01-11,75.2
1997-01-12,73.6
1997-01-13,74.4
1997-01-14,74.6
1997-01-15,74
1997-01-16,72.8
1997-01-17,73.6
1997-01-18,73.5
1997-01-19,70.4
1997-01-20,66.9
1997-01-21,71.4
1997-01-22,112
1997-01-23,103
1997-01-24,101
1997-01-25,107
1997-01-26,117
1997-01-27,128
1997-01-28,123
1997-01-29,93.6
1997-01-30,83.6
1997-01-31,83.8
1997-02-01,81.1
1997-02-02,111
1997-02-03,149
1997-02-04,220
1997-02-05,139
1997-02-06,119
1997-02-07,108
1997-02-08,107
1997-02-09,147
1997-02-10,161
1997-02-11,172
1997-02-12,172
1997-02-13,175
1997-02-14,174
1997-02-15,196
1997-02-16,165
1997-02-17,149
1997-02-18,173
1997-02-19,150
1997-02-20,139
1997-02-21,387
1997-02-22,286
1997-02-23,257
1997-02-24,240
1997-02-25,181
1997-02-26,162
1997-02-27,164
1997-02-28,186
1997-03-01,193
1997-03-02,175
1997-03-03,179
1997-03-04,173
1997-03-05,164
1997-03-06,183
1997-03-07,196
1997-03-08,173
1997-03-09,181
1997-03-10,144
1997-03-11,175
1997-03-12,154
1997-03-13,139
1997-03-14,150
1997-03-15,169
1997-03-16,159
1997-03-17,147
1997-03-18,136
1997-03-19,145
1997-03-20,181
1997-03-21,200
1997-03-22,205
1997-03-23,183
1997-03-24,173
1997-03-25,150
1997-03-26,141
1997-03-27,174
1997-03-28,164
1997-03-29,164
1997-03-30,146
1997-03-31,150
1997-04-01,148
1997-04-02,144
1997-04-03,138
1997-04-04,122
1997-04-05,123
1997-04-06,132
1997-04-07,128
1997-04-08,151
1997-04-09,183
1997-04-10,241
1997-04-11,212
1997-04-12,168
1997-04-13,165
1997-04-14,170
1997-04-15,202
1997-04-16,182
1997-04-17,169
1997-04-18,186
1997-04-19,197
1997-04-20,182
1997-04-21,174
1997-04-22,173
1997-04-23,219
1997-04-24,228
1997-04-25,195
1997-04-26,181
1997-04-27,210
1997-04-28,177
1997-04-29,197
1997-04-30,197
1997-05-01,208
1997-05-02,192
1997-05-03,183
1997-05-04,172
1997-05-05,164
1997-05-06,340
1997-05-07,452
1997-05-08,259
1997-05-09,223
1997-05-10,213
1997-05-11,212
1997-05-12,201
1997-05-13,189
1997-05-14,173
1997-05-15,165
1997-05-16,157
1997-05-17,155
1997-05-18,155
1997-05-19,151
1997-05-20,148
1997-05-21,149
1997-05-22,151
1997-05-23,149
1997-05-24,147
1997-05-25,142
1997-05-26,150
1997-05-27,149
1997-05-28,181
1997-05-29,168
1997-05-30,152
1997-05-31,172
1997-06-01,199
1997-06-02,168
1997-06-03,147
1997-06-04,139
1997-06-05,131
1997-06-06,131
1997-06-07,136
1997-06-08,127
1997-06-09,136
1997-06-10,203
1997-06-11,232
1997-06-12,205
1997-06-13,218
1997-06-14,205
1997-06-15,194
1997-06-16,187
1997-06-17,197
1997-06-18,190
1997-06-19,184
1997-06-20,220
1997-06-21,198
1997-06-22,192
1997-06-23,198
1997-06-24,225
1997-06-25,232
1997-06-26,294
1997-06-27,291
1997-06-28,300
1997-06-29,303
1997-06-30,258
1997-07-01,238
1997-07-02,204
1997-07-03,183
1997-07-04,186
1997-07-05,213
1997-07-06,213
1997-07-07,189
1997-07-08,198
1997-07-09,140
1997-07-10,148
1997-07-11,172
1997-07-12,212
1997-07-13,274
1997-07-14,228
1997-07-15,268
1997-07-16,262
1997-07-17,312
1997-07-18,297
1997-07-19,252
1997-07-20,246
1997-07-21,196
1997-07-22,170
1997-07-23,151
1997-07-24,142
1997-07-25,135
1997-07-26,128
1997-07-27,131
1997-07-28,125
1997-07-29,126
1997-07-30,156
1997-07-31,142
1997-08-01,161
1997-08-02,142
1997-08-03,123
1997-08-04,106
1997-08-05,103
1997-08-06,151
1997-08-07,210
1997-08-08,247
1997-08-09,310
1997-08-10,673
1997-08-11,449
1997-08-12,692
1997-08-13,788
1997-08-14,637
1997-08-15,495
1997-08-16,468
1997-08-17,423
1997-08-18,333
1997-08-19,304
1997-08-20,263
1997-08-21,238
1997-08-22,327
1997-08-23,267
1997-08-24,226
1997-08-25,204
1997-08-26,193
1997-08-27,175
1997-08-28,169
1997-08-29,195
1997-08-30,179
1997-08-31,280
1997-09-01,378
1997-09-02,306
1997-09-03,295
1997-09-04,240
1997-09-05,177
1997-09-06,143
1997-09-07,124
1997-09-08,145
1997-09-09,190
1997-09-10,119
1997-09-11,104
1997-09-12,97.8
1997-09-13,133
1997-09-14,108
1997-09-15,92
1997-09-16,161
1997-09-17,348
1997-09-18,270
1997-09-19,254
1997-09-20,204
1997-09-21,152
1997-09-22,125
1997-09-23,107
1997-09-24,94.3
1997-09-25,83.9
1997-09-26,73
1997-09-27,64.1
1997-09-28,60.1
1997-09-29,57
1997-09-30,52.1
1997-10-01,124
1997-10-02,635
1997-10-03,530
1997-10-04,314
1997-10-05,238
1997-10-06,203
1997-10-07,181
1997-10-08,162
1997-10-09,150
1997-10-10,140
1997-10-11,132
1997-10-12,126
1997-10-13,120
1997-10-14,116
1997-10-15,116
1997-10-16,117
1997-10-17,110
1997-10-18,105
1997-10-19,103
1997-10-20,101
1997-10-21,98.5
1997-10-22,95.7
1997-10-23,93.6
1997-10-24,92.1
1997-10-25,91.4
1997-10-26,90
1997-10-27,87.8
1997-10-28,85.7
1997-10-29,84.2
1997-10-30,84.2
1997-10-31,83
1997-11-01,81.7
1997-11-02,81.3
1997-11-03,82.9
1997-11-04,81.2
1997-11-05,78.6
1997-11-06,79.8
1997-11-07,83.2
1997-11-08,83.4
1997-11-09,81.1
1997-11-10,88.6
1997-11-11,104
1997-11-12,95
1997-11-13,90.7
1997-11-14,87.1
1997-11-15,90.7
1997-11-16,84.2
1997-11-17,79.9
1997-11-18,77.1
1997-11-19,75.7
1997-11-20,74.8
1997-11-21,74.2
1997-11-22,73.8
1997-11-23,73.4
1997-11-24,73.2
1997-11-25,72.8
1997-11-26,73.9
1997-11-27,73.6
1997-11-28,72.1
1997-11-29,71.9
1997-11-30,71.9
1997-12-01,72.3
1997-12-02,71.3
1997-12-03,49.7
1997-12-04,54.6
1997-12-05,41
1997-12-06,37.7
1997-12-07,26
1997-12-08,25.5
1997-12-09,45.4
1997-12-10,54.9
1997-12-11,161
1997-12-12,137
1997-12-13,89.2
1997-12-14,67.8
1997-12-15,55.6
1997-12-16,54
1997-12-17,58.9
1997-12-18,62.8
1997-12-19,63.1
1997-12-20,59.8
1997-12-21,52.9
1997-12-22,34.1
1997-12-23,45.4
1997-12-24,69
1997-12-25,119
1997-12-26,140
1997-12-27,118
1997-12-28,90.3
1997-12-29,64.5
1997-12-30,91.5
1997-12-31,93.5
1998-01-01,89
1998-01-02,82.7
1998-01-03,70.7
1998-01-04,70.7
1998-01-05,56
1998-01-06,70.9
1998-01-07,66.3
1998-01-08,65.5
1998-01-09,50.3
1998-01-10,44.2
1998-01-11,58.9
1998-01-12,71.3
1998-01-13,84
1998-01-14,98.3
1998-01-15,97.5
1998-01-16,109
1998-01-17,94.6
1998-01-18,88.8
1998-01-19,73.9
1998-01-20,94.8
1998-01-21,92.4
1998-01-22,90.2
1998-01-23,97.2
1998-01-24,91.5
1998-01-25,98
1998-01-26,97.1
1998-01-27,104
1998-01-28,127
1998-01-29,128
1998-01-30,141
1998-01-31,11.2
1998-02-01,
1998-02-02,
1998-02-03,
1998-02-04,
1998-02-05,
1998-02-06,
1998-02-07,
1998-02-08,
1998-02-09,
1998-02-10,
1998-02-11,
1998-02-12,
1998-02-13,
1998-02-14,
1998-02-15,
1998-02-16,
1998-02-17,
1998-02-18,
1998-02-19,
1998-02-20,
1998-02-21,
1998-02-22,
1998-02-23,
1998-02-24,
1998-02-25,
1998-02-26,
1998-02-27,
1998-02-28,
1998-03-01,
1998-03-02,
1998-03-03,
1998-03-04,
1998-03-05,
1998-03-06,
1998-03-07,
1998-03-08,
1998-03-09,
1998-03-10,
1998-03-11,
1998-03-12,
1998-03-13,
1998-03-14,
1998-03-15,
1998-03-16,
1998-03-17,
1998-03-18,
1998-03-19,
1998-03-20,
1998-03-21,
1998-03-22,
1998-03-23,
1998-03-24,
1998-03-25,
1998-03-26,
1998-03-27,
1998-03-28,
1998-03-29,
1998-03-30,
1998-03-31,
1998-04-01,
1998-04-02,
1998-04-03,
1998-04-04,
1998-04-05,
1998-04-06,
1998-04-07,
1998-04-08,
1998-04-09,
1998-04-10,
1998-04-11,
1998-04-12,
1998-04-13,
1998-04-14,
1998-04-15,
1998-04-16,
1998-04-17,
1998-04-18,
1998-04-19,
1998-04-20,
1998-04-21,
1998-04-22,
1998-04-23,
1998-04-24,
1998-04-25,
1998-04-26,
1998-04-27,
1998-04-28,
1998-04-29,
1998-04-30,
1998-05-01,
1998-05-02,
1998-05-03,
1998-05-04,
1998-05-05,
1998-05-06,
1998-05-07,
1998-05-08,
1998-05-09,
1998-05-10,
1998-05-11,
1998-05-12,
1998-05-13,
1998-05-14,
1998-05-15,
1998-05-16,
1998-05-17,
1998-05-18,
1998-05-19,
1998-05-20,
1998-05-21,
1998-05-22,
1998-05-23,
1998-05-24,
1998-05-25,
1998-05-26,
1998-05-27,
1998-05-28,
1998-05-29,
1998-05-30,
1998-05-31,
1998-06-01,
1998-06-02,
1998-06-03,
1998-06-04,
1998-06-05,
1998-06-06,
1998-06-07,
1998-06-08,
1998-06-09,
1998-06-10,
1998-06-11,
1998-06-12,
1998-06-13,
1998-06-14,
1998-06-15,
1998-06-16,
1998-06-17,
1998-06-18,
1998-06-19,
1998-06-20,
1998-06-21,
1998-06-22,
1998-06-23,
1998-06-24,
1998-06-25,
1998-06-26,
1998-06-27,
1998-06-28,
1998-06-29,
1998-06-30,
1998-07-01,
1998-07-02,
1998-07-03,
1998-07-04,
1998-07-05,
1998-07-06,
1998-07-07,
1998-07-08,
1998-07-09,
1998-07-10,
1998-07-11,
1998-07-12,
1998-07-13,
1998-07-14,
1998-07-15,
1998-07-16,
1998-07-17,
1998-07-18,
1998-07-19,
1998-07-20,
1998-07-21,
1998-07-22,
1998-07-23,
1998-07-24,
1998-07-25,
1998-07-26,
1998-07-27,
1998-07-28,
1998-07-29,
1998-07-30,
1998-07-31,
1998-08-01,
1998-08-02,
1998-08-03,
1998-08-04,
1998-08-05,
1998-08-06,
1998-08-07,
1998-08-08,
1998-08-09,
1998-08-10,
1998-08-11,
1998-08-12,
1998-08-13,
1998-08-14,
1998-08-15,
1998-08-16,
1998-08-17,
1998-08-18,
1998-08-19,
1998-08-20,
1998-08-21,
1998-08-22,
1998-08-23,
1998-08-24,
1998-08-25,
1998-08-26,
1998-08-27,
1998-08-28,
1998-08-29,
1998-08-30,
1998-08-31,
1998-09-01,
1998-09-02,
1998-09-03,
1998-09-04,
1998-09-05,
1998-09-06,
1998-09-07,
1998-09-08,
1998-09-09,
1998-09-10,
1998-09-11,
1998-09-12,
1998-09-13,
1998-09-14,
1998-09-15,
1998-09-16,
1998-09-17,
1998-09-18,
1998-09-19,
1998-09-20,
1998-09-21,
1998-09-22,
1998-09-23,
1998-09-24,
1998-09-25,
1998-09-26,
1998-09-27,
1998-09-28,
1998-09-29,
1998-09-30,
1998-10-01,
1998-10-02,
1998-10-03,
1998-10-04,
1998-10-05,
1998-10-06,
1998-10-07,
1998-10-08,
1998-10-09,
1998-10-10,
1998-10-11,
1998-10-12,
1998-10-13,
1998-10-14,
1998-10-15,
1998-10-16,
1998-10-17,
1998-10-18,
1998-10-19,
1998-10-20,
1998-10-21,
1998-10-22,
1998-10-23,
1998-10-24,
1998-10-25,
1998-10-26,
1998-10-27,
1998-10-28,
1998-10-29,
1998-10-30,
1998-10-31,
1998-11-01,
1998-11-02,
1998-11-03,
1998-11-04,
1998-11-05,
1998-11-06,
1998-11-07,
1998-11-08,
1998-11-09,
1998-11-10,
1998-11-11,
1998-11-12,
1998-11-13,
1998-11-14,
1998-11-15,
1998-11-16,
1998-11-17,
1998-11-18,
1998-11-19,
1998-11-20,
1998-11-21,
1998-11-22,
1998-11-23,
1998-11-24,
1998-11-25,
1998-11-26,
1998-11-27,
1998-11-28,
1998-11-29,
1998-11-30,
1998-12-01,
1998-12-02,
1998-12-03,
1998-12-04,
1998-12-05,
1998-12-06,
1998-12-07,
1998-12-08,
1998-12-09,
1998-12-10,
1998-12-11,
1998-12-12,
1998-12-13,
1998-12-14,
1998-12-15,
1998-12-16,
1998-12-17,
1998-12-18,
1998-12-19,
1998-12-20,
1998-12-21,
1998-12-22,
1998-12-23,
1998-12-24,
1998-12-25,
1998-12-26,
1998-12-27,
1998-12-28,
1998-12-29,
1998-12-30,
1998-12-31,
1999-01-01,
1999-01-02,
1999-01-03,
1999-01-04,
1999-01-05,
1999-01-06,
1999-01-07,
1999-01-08,
1999-01-09,
1999-01-10,
1999-01-11,
1999-01-12,
1999-01-13,
1999-01-14,
1999-01-15,
1999-01-16,
1999-01-17,
1999-01-18,
1999-01-19,
1999-01-20,
1999-01-21,
1999-01-22,
1999-01-23,
1999-01-24,
1999-01-25,
1999-01-26,
1999-01-27,
1999-01-28,
1999-01-29,
1999-01-30,
1999-01-31,
1999-02-01,
1999-02-02,
1999-02-03,
1999-02-04,
1999-02-05,
1999-02-06,
1999-02-07,
1999-02-08,
1999-02-09,
1999-02-10,
1999-02-11,
1999-02-12,
1999-02-13,
1999-02-14,
1999-02-15,
1999-02-16,
1999-02-17,
1999-02-18,
1999-02-19,
1999-02-20,
1999-02-21,
1999-02-22,
1999-02-23,
1999-02-24,
1999-02-25,
1999-02-26,
1999-02-27,
1999-02-28,
1999-03-01,
1999-03-02,
1999-03-03,
1999-03-04,
1999-03-05,
1999-03-06,
1999-03-07,
1999-03-08,
1999-03-09,
1999-03-10,
1999-03-11,
1999-03-12,
1999-03-13,
1999-03-14,
1999-03-15,
1999-03-16,
1999-03-17,
1999-03-18,
1999-03-19,
1999-03-20,
1999-03-21,
1999-03-22,
1999-03-23,
1999-03-24,
1999-03-25,
1999-03-26,
1999-03-27,
1999-03-28,
1999-03-29,
1999-03-30,
1999-03-31,
1999-04-01,
1999-04-02,
1999-04-03,
1999-04-04,
1999-04-05,
1999-04-06,
1999-04-07,
1999-04-08,
1999-04-09,
1999-04-10,
1999-04-11,
1999-04-12,
1999-04-13,
1999-04-14,
1999-04-15,
1999-04-16,
1999-04-17,
1999-04-18,
1999-04-19,
1999-04-20,
1999-04-21,
1999-04-22,
1999-04-23,
1999-04-24,
1999-04-25,
1999-04-26,
1999-04-27,
1999-04-28,
1999-04-29,
1999-04-30,
1999-05-01,
1999-05-02,
1999-05-03,
1999-05-04,
1999-05-05,
1999-05-06,
1999-05-07,
1999-05-08,
1999-05-09,
1999-05-10,
1999-05-11,
1999-05-12,
1999-05-13,
1999-05-14,
1999-05-15,
1999-05-16,
1999-05-17,
1999-05-18,
1999-05-19,
1999-05-20,
1999-05-21,
1999-05-22,
1999-05-23,
1999-05-24,
1999-05-25,
1999-05-26,
1999-05-27,
1999-05-28,
1999-05-29,
1999-05-30,
1999-05-31,
1999-06-01,
1999-06-02,
1999-06-03,
1999-06-04,
1999-06-05,
1999-06-06,
1999-06-07,
1999-06-08,
1999-06-09,
1999-06-10,
1999-06-11,
1999-06-12,
1999-06-13,
1999-06-14,
1999-06-15,
1999-06-16,
1999-06-17,
1999-06-18,
1999-06-19,
1999-06-20,
1999-06-21,
1999-06-22,
1999-06-23,
1999-06-24,
1999-06-25,
1999-06-26,
1999-06-27,
1999-06-28,
1999-06-29,
1999-06-30,
1999-07-01,
1999-07-02,
1999-07-03,
1999-07-04,
1999-07-05,
1999-07-06,
1999-07-07,
1999-07-08,
1999-07-09,
1999-07-10,
1999-07-11,
1999-07-12,
1999-07-13,
1999-07-14,
1999-07-15,
1999-07-16,
1999-07-17,
1999-07-18,
1999-07-19,
1999-07-20,
1999-07-21,
1999-07-22,
1999-07-23,
1999-07-24,
1999-07-25,
1999-07-26,
1999-07-27,
1999-07-28,
1999-07-29,
1999-07-30,
1999-07-31,
1999-08-01,
1999-08-02,
1999-08-03,
1999-08-04,
1999-08-05,
1999-08-06,
1999-08-07,
1999-08-08,
1999-08-09,
1999-08-10,
1999-08-11,
1999-08-12,
1999-08-13,
1999-08-14,
1999-08-15,
1999-08-16,
1999-08-17,
1999-08-18,
1999-08-19,
1999-08-20,
1999-08-21,
1999-08-22,
1999-08-23,
1999-08-24,
1999-08-25,
1999-08-26,
1999-08-27,
1999-08-28,
1999-08-29,
1999-08-30,
1999-08-31,
1999-09-01,
1999-09-02,
1999-09-03,
1999-09-04,
1999-09-05,
1999-09-06,
1999-09-07,
1999-09-08,
1999-09-09,
1999-09-10,
1999-09-11,
1999-09-12,
1999-09-13,
1999-09-14,
1999-09-15,
1999-09-16,
1999-09-17,
1999-09-18,
1999-09-19,
1999-09-20,
1999-09-21,
1999-09-22,
1999-09-23,
1999-09-24,
1999-09-25,
1999-09-26,
1999-09-27,
1999-09-28,
1999-09-29,
1999-09-30,
1999-10-01,
1999-10-02,
1999-10-03,
1999-10-04,
1999-10-05,
1999-10-06,
1999-10-07,
1999-10-08,
1999-10-09,
1999-10-10,
1999-10-11,
1999-10-12,
1999-10-13,
1999-10-14,
1999-10-15,
1999-10-16,
1999-10-17,
1999-10-18,
1999-10-19,
1999-10-20,
1999-10-21,
1999-10-22,
1999-10-23,
1999-10-24,
1999-10-25,
1999-10-26,
1999-10-27,
1999-10-28,
1999-10-29,
1999-10-30,
1999-10-31,
1999-11-01,
1999-11-02,
1999-11-03,
1999-11-04,
1999-11-05,
1999-11-06,
1999-11-07,
1999-11-08,
1999-11-09,
1999-11-10,
1999-11-11,
1999-11-12,
1999-11-13,
1999-11-14,
1999-11-15,
1999-11-16,
1999-11-17,
1999-11-18,
1999-11-19,
1999-11-20,
1999-11-21,
1999-11-22,
1999-11-23,
1999-11-24,
1999-11-25,
1999-11-26,
1999-11-27,
1999-11-28,
1999-11-29,
1999-11-30,
1999-12-01,
1999-12-02,
1999-12-03,
1999-12-04,
1999-12-05,
1999-12-06,
1999-12-07,
1999-12-08,
1999-12-09,
1999-12-10,
1999-12-11,
1999-12-12,
1999-12-13,
1999-12-14,
1999-12-15,
1999-12-16,
1999-12-17,
1999-12-18,
1999-12-19,
1999-12-20,
1999-12-21,
1999-12-22,
1999-12-23,
1999-12-24,
1999-12-25,
1999-12-26,
1999-12-27,
1999-12-28,
1999-12-29,
1999-12-30,
1999-12-31,
2000-01-01,
2000-01-02,
2000-01-03,
2000-01-04,
2000-01-05,
2000-01-06,
2000-01-07,
2000-01-08,
2000-01-09,
2000-01-10,
2000-01-11,
2000-01-12,
2000-01-13,
2000-01-14,
2000-01-15,
2000-01-16,
2000-01-17,
2000-01-18,
2000-01-19,
2000-01-20,
2000-01-21,
2000-01-22,
2000-01-23,
2000-01-24,
2000-01-25,
2000-01-26,
2000-01-27,
2000-01-28,
2000-01-29,
2000-01-30,
2000-01-31,
2000-02-01,
2000-02-02,
2000-02-03,
2000-02-04,
2000-02-05,
2000-02-06,
2000-02-07,
2000-02-08,
2000-02-09,
2000-02-10,
2000-02-11,
2000-02-12,
2000-02-13,
2000-02-14,
2000-02-15,
2000-02-16,
2000-02-17,
2000-02-18,
2000-02-19,
2000-02-20,
2000-02-21,
2000-02-22,
2000-02-23,
2000-02-24,
2000-02-25,
2000-02-26,
2000-02-27,
2000-02-28,
2000-02-29,
2000-03-01,
2000-03-02,
2000-03-03,
2000-03-04,
2000-03-05,
2000-03-06,
2000-03-07,
2000-03-08,
2000-03-09,
2000-03-10,
2000-03-11,
2000-03-12,
2000-03-13,
2000-03-14,
2000-03-15,
2000-03-16,
2000-03-17,
2000-03-18,
2000-03-19,
2000-03-20,
2000-03-21,
2000-03-22,
2000-03-23,
2000-03-24,
2000-03-25,
2000-03-26,
2000-03-27,
2000-03-28,
2000-03-29,
2000-03-30,
2000-03-31,
2000-04-01,
2000-04-02,
2000-04-03,
2000-04-04,
2000-04-05,
2000-04-06,
2000-04-07,
2000-04-08,
2000-04-09,
2000-04-10,
2000-04-11,
2000-04-12,
2000-04-13,
2000-04-14,
2000-04-15,
2000-04-16,
2000-04-17,
2000-04-18,
2000-04-19,
2000-04-20,
2000-04-21,
2000-04-22,
2000-04-23,
2000-04-24,
2000-04-25,
2000-04-26,
2000-04-27,
2000-04-28,
2000-04-29,
2000-04-30,
2000-05-01,
2000-05-02,
2000-05-03,
2000-05-04,
2000-05-05,
2000-05-06,
2000-05-07,
2000-05-08,
2000-05-09,
2000-05-10,
2000-05-11,
2000-05-12,
2000-05-13,
2000-05-14,
2000-05-15,
2000-05-16,
2000-05-17,
2000-05-18,
2000-05-19,
2000-05-20,
2000-05-21,
2000-05-22,
2000-05-23,
2000-05-24,
2000-05-25,
2000-05-26,
2000-05-27,
2000-05-28,
2000-05-29,
2000-05-30,
2000-05-31,
2000-06-01,
2000-06-02,
2000-06-03,
2000-06-04,
2000-06-05,
2000-06-06,
2000-06-07,
2000-06-08,
2000-06-09,
2000-06-10,
2000-06-11,
2000-06-12,
2000-06-13,
2000-06-14,
2000-06-15,
2000-06-16,
2000-06-17,
2000-06-18,
2000-06-19,
2000-06-20,
2000-06-21,
2000-06-22,
2000-06-23,
2000-06-24,
2000-06-25,
2000-06-26,
2000-06-27,
2000-06-28,
2000-06-29,
2000-06-30,
2000-07-01,
2000-07-02,
2000-07-03,
2000-07-04,
2000-07-05,
2000-07-06,
2000-07-07,
2000-07-08,
2000-07-09,
2000-07-10,
2000-07-11,
2000-07-12,
2000-07-13,
2000-07-14,
2000-07-15,
2000-07-16,
2000-07-17,
2000-07-18,
2000-07-19,
2000-07-20,
2000-07-21,
2000-07-22,
2000-07-23,
2000-07-24,
2000-07-25,
2000-07-26,
2000-07-27,
2000-07-28,
2000-07-29,
2000-07-30,
2000-07-31,
2000-08-01,
2000-08-02,
2000-08-03,
2000-08-04,
2000-08-05,
2000-08-06,
2000-08-07,
2000-08-08,
2000-08-09,
2000-08-10,
2000-08-11,
2000-08-12,
2000-08-13,
2000-08-14,
2000-08-15,
2000-08-16,
2000-08-17,
2000-08-18,
2000-08-19,
2000-08-20,
2000-08-21,
2000-08-22,
2000-08-23,
2000-08-24,
2000-08-25,
2000-08-26,
2000-08-27,
2000-08-28,
2000-08-29,
2000-08-30,
2000-08-31,
2000-09-01,
2000-09-02,
2000-09-03,
2000-09-04,
2000-09-05,
2000-09-06,
2000-09-07,
2000-09-08,
2000-09-09,
2000-09-10,
2000-09-11,
2000-09-12,
2000-09-13,
2000-09-14,
2000-09-15,
2000-09-16,
2000-09-17,
2000-09-18,
2000-09-19,
2000-09-20,
2000-09-21,
2000-09-22,
2000-09-23,
2000-09-24,
2000-09-25,
2000-09-26,
2000-09-27,
2000-09-28,
2000-09-29,
2000-09-30,
2000-10-01,
2000-10-02,
2000-10-03,
2000-10-04,
2000-10-05,
2000-10-06,
2000-10-07,
2000-10-08,
2000-10-09,
2000-10-10,
2000-10-11,
2000-10-12,
2000-10-13,
2000-10-14,
2000-10-15,
2000-10-16,
2000-10-17,
2000-10-18,
2000-10-19,
2000-10-20,
2000-10-21,
2000-10-22,
2000-10-23,
2000-10-24,
2000-10-25,
2000-10-26,
2000-10-27,
2000-10-28,
2000-10-29,
2000-10-30,
2000-10-31,
2000-11-01,
2000-11-02,
2000-11-03,
2000-11-04,
2000-11-05,
2000-11-06,
2000-11-07,
2000-11-08,
2000-11-09,
2000-11-10,
2000-11-11,
2000-11-12,
2000-11-13,
2000-11-14,
2000-11-15,
2000-11-16,
2000-11-17,
2000-11-18,
2000-11-19,
2000-11-20,
2000-11-21,
2000-11-22,
2000-11-23,
2000-11-24,
2000-11-25,
2000-11-26,
2000-11-27,
2000-11-28,
2000-11-29,
2000-11-30,
2000-12-01,
2000-12-02,
2000-12-03,
2000-12-04,
2000-12-05,
2000-12-06,
2000-12-07,
2000-12-08,
2000-12-09,
2000-12-10,
2000-12-11,
2000-12-12,
2000-12-13,
2000-12-14,
2000-12-15,
2000-12-16,
2000-12-17,
2000-12-18,
2000-12-19,
2000-12-20,
2000-12-21,
2000-12-22,
2000-12-23,
2000-12-24,
2000-12-25,
2000-12-26,
2000-12-27,
2000-12-28,
2000-12-29,
2000-12-30,
2000-12-31,
2001-01-01,
2001-01-02,
2001-01-03,
2001-01-04,
2001-01-05,
2001-01-06,
2001-01-07,
2001-01-08,
2001-01-09,
2001-01-10,
2001-01-11,
2001-01-12,
2001-01-13,
2001-01-14,
2001-01-15,
2001-01-16,
2001-01-17,
2001-01-18,
2001-01-19,
2001-01-20,
2001-01-21,
2001-01-22,
2001-01-23,
2001-01-24,
2001-01-25,
2001-01-26,
2001-01-27,
2001-01-28,
2001-01-29,
2001-01-30,
2001-01-31,
2001-02-01,
2001-02-02,
2001-02-03,
2001-02-04,
2001-02-05,
2001-02-06,
2001-02-07,
2001-02-08,
2001-02-09,
2001-02-10,
2001-02-11,
2001-02-12,
2001-02-13,
2001-02-14,
2001-02-15,
2001-02-16,
2001-02-17,
2001-02-18,
2001-02-19,
2001-02-20,
2001-02-21,
2001-02-22,
2001-02-23,
2001-02-24,
2001-02-25,
2001-02-26,
2001-02-27,
2001-02-28,
2001-03-01,
2001-03-02,
2001-03-03,
2001-03-04,
2001-03-05,
2001-03-06,
2001-03-07,
2001-03-08,
2001-03-09,
2001-03-10,
2001-03-11,
2001-03-12,
2001-03-13,
2001-03-14,
2001-03-15,
2001-03-16,
2001-03-17,
2001-03-18,
2001-03-19,
2001-03-20,
2001-03-21,
2001-03-22,
2001-03-23,
2001-03-24,
2001-03-25,
2001-03-26,
2001-03-27,
2001-03-28,
2001-03-29,
2001-03-30,
2001-03-31,
2001-04-01,
2001-04-02,
2001-04-03,
2001-04-04,
2001-04-05,
2001-04-06,
2001-04-07,
2001-04-08,
2001-04-09,
2001-04-10,
2001-04-11,
2001-04-12,
2001-04-13,
2001-04-14,
2001-04-15,
2001-04-16,
2001-04-17,
2001-04-18,
2001-04-19,
2001-04-20,
2001-04-21,
2001-04-22,
2001-04-23,
2001-04-24,
2001-04-25,
2001-04-26,
2001-04-27,
2001-04-28,
2001-04-29,
2001-04-30,
2001-05-01,
2001-05-02,
2001-05-03,
2001-05-04,
2001-05-05,
2001-05-06,
2001-05-07,
2001-05-08,
2001-05-09,
2001-05-10,
2001-05-11,
2001-05-12,
2001-05-13,
2001-05-14,
2001-05-15,
2001-05-16,
2001-05-17,
2001-05-18,
2001-05-19,
2001-05-20,
2001-05-21,
2001-05-22,
2001-05-23,
2001-05-24,
2001-05-25,
2001-05-26,
2001-05-27,
2001-05-28,
2001-05-29,
2001-05-30,
2001-05-31,
2001-06-01,
2001-06-02,
2001-06-03,
2001-06-04,
2001-06-05,
2001-06-06,
2001-06-07,
2001-06-08,
2001-06-09,
2001-06-10,
2001-06-11,
2001-06-12,
2001-06-13,
2001-06-14,
2001-06-15,
2001-06-16,
2001-06-17,
2001-06-18,
2001-06-19,
2001-06-20,
2001-06-21,
2001-06-22,
2001-06-23,
2001-06-24,
2001-06-25,
2001-06-26,
2001-06-27,
2001-06-28,
2001-06-29,
2001-06-30,
2001-07-01,
2001-07-02,
2001-07-03,
2001-07-04,
2001-07-05,
2001-07-06,
2001-07-07,
2001-07-08,
2001-07-09,
2001-07-10,
2001-07-11,
2001-07-12,
2001-07-13,
2001-07-14,
2001-07-15,
2001-07-16,
2001-07-17,
2001-07-18,
2001-07-19,
2001-07-20,
2001-07-21,
2001-07-22,
2001-07-23,
2001-07-24,
2001-07-25,
2001-07-26,
2001-07-27,
2001-07-28,
2001-07-29,
2001-07-30,
2001-07-31,
2001-08-01,
2001-08-02,
2001-08-03,
2001-08-04,
2001-08-05,
2001-08-06,
2001-08-07,
2001-08-08,
2001-08-09,
2001-08-10,
2001-08-11,
2001-08-12,
2001-08-13,
2001-08-14,
2001-08-15,
2001-08-16,
2001-08-17,
2001-08-18,
2001-08-19,
2001-08-20,
2001-08-21,
2001-08-22,
2001-08-23,
2001-08-24,
2001-08-25,
2001-08-26,
2001-08-27,
2001-08-28,
2001-08-29,
2001-08-30,
2001-08-31,
2001-09-01,
2001-09-02,
2001-09-03,
2001-09-04,
2001-09-05,
2001-09-06,
2001-09-07,
2001-09-08,
2001-09-09,
2001-09-10,
2001-09-11,
2001-09-12,
2001-09-13,
2001-09-14,
2001-09-15,
2001-09-16,
2001-09-17,
2001-09-18,
2001-09-19,
2001-09-20,
2001-09-21,
2001-09-22,
2001-09-23,
2001-09-24,
2001-09-25,
2001-09-26,
2001-09-27,
2001-09-28,
2001-09-29,
2001-09-30,
2001-10-01,
2001-10-02,
2001-10-03,
2001-10-04,
2001-10-05,
2001-10-06,
2001-10-07,
2001-10-08,
2001-10-09,
2001-10-10,
2001-10-11,
2001-10-12,
2001-10-13,
2001-10-14,
2001-10-15,
2001-10-16,
2001-10-17,
2001-10-18,
2001-10-19,
2001-10-20,
2001-10-21,
2001-10-22,
2001-10-23,
2001-10-24,
2001-10-25,
2001-10-26,
2001-10-27,
2001-10-28,
2001-10-29,
2001-10-30,
2001-10-31,
2001-11-01,
2001-11-02,
2001-11-03,
2001-11-04,
2001-11-05,
2001-11-06,
2001-11-07,
2001-11-08,
2001-11-09,
2001-11-10,
2001-11-11,
2001-11-12,
2001-11-13,
2001-11-14,
2001-11-15,
2001-11-16,
2001-11-17,
2001-11-18,
2001-11-19,
2001-11-20,
2001-11-21,
2001-11-22,
2001-11-23,
2001-11-24,
2001-11-25,
2001-11-26,
2001-11-27,
2001-11-28,
2001-11-29,
2001-11-30,
2001-12-01,
2001-12-02,
2001-12-03,
2001-12-04,
2001-12-05,
2001-12-06,
2001-12-07,
2001-12-08,
2001-12-09,
2001-12-10,
2001-12-11,
2001-12-12,
2001-12-13,
2001-12-14,
2001-12-15,
2001-12-16,
2001-12-17,
2001-12-18,
2001-12-19,
2001-12-20,
2001-12-21,
2001-12-22,
2001-12-23,
2001-12-24,
2001-12-25,
2001-12-26,
2001-12-27,
2001-12-28,
2001-12-29,
2001-12-30,
2001-12-31,
2002-01-01,
2002-01-02,
2002-01-03,
2002-01-04,
2002-01-05,
2002-01-06,
2002-01-07,
2002-01-08,
2002-01-09,
2002-01-10,
2002-01-11,
2002-01-12,
2002-01-13,
2002-01-14,
2002-01-15,
2002-01-16,
2002-01-17,
2002-01-18,
2002-01-19,
2002-01-20,
2002-01-21,
2002-01-22,
2002-01-23,
2002-01-24,
2002-01-25,
2002-01-26,
2002-01-27,
2002-01-28,
2002-01-29,
2002-01-30,
2002-01-31,
2002-02-01,
2002-02-02,
2002-02-03,
2002-02-04,
2002-02-05,
2002-02-06,
2002-02-07,
2002-02-08,
2002-02-09,
2002-02-10,
2002-02-11,
2002-02-12,
2002-02-13,
2002-02-14,
2002-02-15,
2002-02-16,
2002-02-17,
2002-02-18,
2002-02-19,
2002-02-20,
2002-02-21,
2002-02-22,
2002-02-23,
2002-02-24,
2002-02-25,
2002-02-26,
2002-02-27,
2002-02-28,
2002-03-01,
2002-03-02,
2002-03-03,
2002-03-04,
2002-03-05,
2002-03-06,
2002-03-07,
2002-03-08,
2002-03-09,
2002-03-10,
2002-03-11,
2002-03-12,
2002-03-13,
2002-03-14,
2002-03-15,
2002-03-16,
2002-03-17,
2002-03-18,
2002-03-19,
2002-03-20,
2002-03-21,
2002-03-22,
2002-03-23,
2002-03-24,
2002-03-25,
2002-03-26,
2002-03-27,
2002-03-28,
2002-03-29,
2002-03-30,
2002-03-31,
2002-04-01,
2002-04-02,
2002-04-03,
2002-04-04,
2002-04-05,
2002-04-06,
2002-04-07,
2002-04-08,
2002-04-09,
2002-04-10,
2002-04-11,
2002-04-12,
2002-04-13,
2002-04-14,
2002-04-15,
2002-04-16,
2002-04-17,
2002-04-18,
2002-04-19,
2002-04-20,
2002-04-21,
2002-04-22,
2002-04-23,
2002-04-24,
2002-04-25,
2002-04-26,
2002-04-27,
2002-04-28,
2002-04-29,
2002-04-30,
2002-05-01,
2002-05-02,
2002-05-03,
2002-05-04,
2002-05-05,
2002-05-06,
2002-05-07,
2002-05-08,
2002-05-09,
2002-05-10,
2002-05-11,
2002-05-12,
2002-05-13,
2002-05-14,
2002-05-15,
2002-05-16,
2002-05-17,
2002-05-18,
2002-05-19,
2002-05-20,
2002-05-21,
2002-05-22,
2002-05-23,
2002-05-24,
2002-05-25,
2002-05-26,
2002-05-27,
2002-05-28,
2002-05-29,
2002-05-30,
2002-05-31,
2002-06-01,
2002-06-02,
2002-06-03,
2002-06-04,
2002-06-05,
2002-06-06,
2002-06-07,
2002-06-08,
2002-06-09,
2002-06-10,
2002-06-11,
2002-06-12,
2002-06-13,
2002-06-14,
2002-06-15,
2002-06-16,
2002-06-17,
2002-06-18,
2002-06-19,
2002-06-20,
2002-06-21,
2002-06-22,
2002-06-23,
2002-06-24,
2002-06-25,
2002-06-26,
2002-06-27,
2002-06-28,
2002-06-29,
2002-06-30,
2002-07-01,
2002-07-02,
2002-07-03,
2002-07-04,
2002-07-05,
2002-07-06,
2002-07-07,
2002-07-08,
2002-07-09,
2002-07-10,
2002-07-11,
2002-07-12,
2002-07-13,
2002-07-14,
2002-07-15,
2002-07-16,
2002-07-17,
2002-07-18,
2002-07-19,
2002-07-20,
2002-07-21,
2002-07-22,
2002-07-23,
2002-07-24,
2002-07-25,
2002-07-26,
2002-07-27,
2002-07-28,
2002-07-29,
2002-07-30,
2002-07-31,
2002-08-01,
2002-08-02,
2002-08-03,
2002-08-04,
2002-08-05,
2002-08-06,
2002-08-07,
2002-08-08,
2002-08-09,
2002-08-10,
2002-08-11,
2002-08-12,
2002-08-13,
2002-08-14,
2002-08-15,
2002-08-16,
2002-08-17,
2002-08-18,
2002-08-19,
2002-08-20,
2002-08-21,
2002-08-22,
2002-08-23,
2002-08-24,
2002-08-25,
2002-08-26,
2002-08-27,
2002-08-28,
2002-08-29,
2002-08-30,
2002-08-31,
2002-09-01,
2002-09-02,
2002-09-03,
2002-09-04,
2002-09-05,
2002-09-06,
2002-09-07,
2002-09-08,
2002-09-09,
2002-09-10,
2002-09-11,
2002-09-12,
2002-09-13,
2002-09-14,
2002-09-15,
2002-09-16,
2002-09-17,
2002-09-18,
2002-09-19,
2002-09-20,
2002-09-21,
2002-09-22,
2002-09-23,
2002-09-24,
2002-09-25,
2002-09-26,
2002-09-27,
2002-09-28,
2002-09-29,
2002-09-30,
2002-10-01,
2002-10-02,
2002-10-03,
2002-10-04,
2002-10-05,
2002-10-06,
2002-10-07,
2002-10-08,
2002-10-09,
2002-10-10,
2002-10-11,
2002-10-12,
2002-10-13,
2002-10-14,
2002-10-15,
2002-10-16,
2002-10-17,
2002-10-18,
2002-10-19,
2002-10-20,
2002-10-21,
2002-10-22,
2002-10-23,
2002-10-24,
2002-10-25,
2002-10-26,
2002-10-27,
2002-10-28,
2002-10-29,
2002-10-30,
2002-10-31,
2002-11-01,
2002-11-02,
2002-11-03,
2002-11-04,
2002-11-05,
2002-11-06,
2002-11-07,
2002-11-08,
2002-11-09,
2002-11-10,
2002-11-11,
2002-11-12,
2002-11-13,
2002-11-14,
2002-11-15,
2002-11-16,
2002-11-17,
2002-11-18,
2002-11-19,
2002-11-20,
2002-11-21,
2002-11-22,
2002-11-23,
2002-11-24,
2002-11-25,
2002-11-26,
2002-11-27,
2002-11-28,
2002-11-29,
2002-11-30,
2002-12-01,
2002-12-02,
2002-12-03,
2002-12-04,
2002-12-05,
2002-12-06,
2002-12-07,
2002-12-08,
2002-12-09,
2002-12-10,
2002-12-11,
2002-12-12,
2002-12-13,
2002-12-14,
2002-12-15,
2002-12-16,
2002-12-17,
2002-12-18,
2002-12-19,
2002-12-20,
2002-12-21,
2002-12-22,
2002-12-23,
2002-12-24,
2002-12-25,
2002-12-26,
2002-12-27,
2002-12-28,
2002-12-29,
2002-12-30,
2002-12-31,
2003-01-01,
2003-01-02,
2003-01-03,
2003-01-04,
2003-01-05,
2003-01-06,
2003-01-07,
2003-01-08,
2003-01-09,
2003-01-10,
2003-01-11,
2003-01-12,
2003-01-13,
2003-01-14,
2003-01-15,
2003-01-16,
2003-01-17,
2003-01-18,
2003-01-19,
2003-01-20,
2003-01-21,
2003-01-22,
2003-01-23,
2003-01-24,
2003-01-25,
2003-01-26,
2003-01-27,
2003-01-28,
2003-01-29,
2003-01-30,
2003-01-31,
2003-02-01,
2003-02-02,
2003-02-03,
2003-02-04,
2003-02-05,
2003-02-06,
2003-02-07,
2003-02-08,
2003-02-09,
2003-02-10,
2003-02-11,
2003-02-12,
2003-02-13,
2003-02-14,
2003-02-15,
2003-02-16,
2003-02-17,
2003-02-18,
2003-02-19,
2003-02-20,
2003-02-21,
2003-02-22,
2003-02-23,
2003-02-24,
2003-02-25,
2003-02-26,
2003-02-27,
2003-02-28,
2003-03-01,
2003-03-02,
2003-03-03,
2003-03-04,
2003-03-05,
2003-03-06,
2003-03-07,
2003-03-08,
2003-03-09,
2003-03-10,
2003-03-11,
2003-03-12,
2003-03-13,
2003-03-14,
2003-03-15,
2003-03-16,
2003-03-17,
2003-03-18,
2003-03-19,
2003-03-20,
2003-03-21,
2003-03-22,
2003-03-23,
2003-03-24,
2003-03-25,
2003-03-26,
2003-03-27,
2003-03-28,
2003-03-29,
2003-03-30,
2003-03-31,
2003-04-01,
2003-04-02,
2003-04-03,
2003-04-04,
2003-04-05,
2003-04-06,
2003-04-07,
2003-04-08,
2003-04-09,
2003-04-10,
2003-04-11,
2003-04-12,
2003-04-13,
2003-04-14,
2003-04-15,
2003-04-16,
2003-04-17,
2003-04-18,
2003-04-19,
2003-04-20,
2003-04-21,
2003-04-22,
2003-04-23,
2003-04-24,
2003-04-25,
2003-04-26,
2003-04-27,
2003-04-28,
2003-04-29,
2003-04-30,
2003-05-01,
2003-05-02,
2003-05-03,
2003-05-04,
2003-05-05,
2003-05-06,
2003-05-07,
2003-05-08,
2003-05-09,
2003-05-10,
2003-05-11,
2003-05-12,
2003-05-13,
2003-05-14,
2003-05-15,
2003-05-16,
2003-05-17,
2003-05-18,
2003-05-19,
2003-05-20,
2003-05-21,
2003-05-22,
2003-05-23,
2003-05-24,
2003-05-25,
2003-05-26,
2003-05-27,
2003-05-28,
2003-05-29,
2003-05-30,
2003-05-31,
2003-06-01,
2003-06-02,
2003-06-03,
2003-06-04,
2003-06-05,
2003-06-06,
2003-06-07,
2003-06-08,
2003-06-09,
2003-06-10,
2003-06-11,
2003-06-12,
2003-06-13,
2003-06-14,
2003-06-15,
2003-06-16,
2003-06-17,
2003-06-18,
2003-06-19,
2003-06-20,
2003-06-21,
2003-06-22,
2003-06-23,
2003-06-24,
2003-06-25,
2003-06-26,
2003-06-27,
2003-06-28,
2003-06-29,
2003-06-30,
2003-07-01,
2003-07-02,
2003-07-03,
2003-07-04,
2003-07-05,
2003-07-06,
2003-07-07,
2003-07-08,
2003-07-09,
2003-07-10,
2003-07-11,
2003-07-12,
2003-07-13,
2003-07-14,
2003-07-15,
2003-07-16,
2003-07-17,
2003-07-18,
2003-07-19,
2003-07-20,
2003-07-21,
2003-07-22,
2003-07-23,
2003-07-24,
2003-07-25,
2003-07-26,
2003-07-27,
2003-07-28,
2003-07-29,
2003-07-30,
2003-07-31,
2003-08-01,
2003-08-02,
2003-08-03,
2003-08-04,
2003-08-05,
2003-08-06,
2003-08-07,
2003-08-08,
2003-08-09,
2003-08-10,
2003-08-11,
2003-08-12,
2003-08-13,
2003-08-14,
2003-08-15,
2003-08-16,
2003-08-17,
2003-08-18,
2003-08-19,
2003-08-20,
2003-08-21,
2003-08-22,
2003-08-23,
2003-08-24,
2003-08-25,
2003-08-26,
2003-08-27,
2003-08-28,
2003-08-29,
2003-08-30,
2003-08-31,
2003-09-01,
2003-09-02,
2003-09-03,
2003-09-04,
2003-09-05,
2003-09-06,
2003-09-07,
2003-09-08,
2003-09-09,
2003-09-10,
2003-09-11,
2003-09-12,
2003-09-13,
2003-09-14,
2003-09-15,
2003-09-16,
2003-09-17,
2003-09-18,
2003-09-19,
2003-09-20,
2003-09-21,
2003-09-22,
2003-09-23,
2003-09-24,
2003-09-25,
2003-09-26,
2003-09-27,
2003-09-28,
2003-09-29,
2003-09-30,
2003-10-01,
2003-10-02,
2003-10-03,
2003-10-04,
2003-10-05,
2003-10-06,
2003-10-07,
2003-10-08,
2003-10-09,
2003-10-10,
2003-10-11,
2003-10-12,
2003-10-13,
2003-10-14,
2003-10-15,
2003-10-16,
2003-10-17,
2003-10-18,
2003-10-19,
2003-10-20,
2003-10-21,
2003-10-22,
2003-10-23,
2003-10-24,
2003-10-25,
2003-10-26,
2003-10-27,
2003-10-28,
2003-10-29,
2003-10-30,
2003-10-31,
2003-11-01,
2003-11-02,
2003-11-03,
2003-11-04,
2003-11-05,
2003-11-06,
2003-11-07,
2003-11-08,
2003-11-09,
2003-11-10,
2003-11-11,
2003-11-12,
2003-11-13,
2003-11-14,
2003-11-15,
2003-11-16,
2003-11-17,
2003-11-18,
2003-11-19,
2003-11-20,
2003-11-21,
2003-11-22,
2003-11-23,
2003-11-24,
2003-11-25,
2003-11-26,
2003-11-27,
2003-11-28,
2003-11-29,
2003-11-30,
2003-12-01,
2003-12-02,
2003-12-03,
2003-12-04,
2003-12-05,
2003-12-06,
2003-12-07,
2003-12-08,
2003-12-09,
2003-12-10,
2003-12-11,
2003-12-12,
2003-12-13,
2003-12-14,
2003-12-15,
2003-12-16,
2003-12-17,
2003-12-18,
2003-12-19,
2003-12-20,
2003-12-21,
2003-12-22,
2003-12-23,
2003-12-24,
2003-12-25,
2003-12-26,
2003-12-27,
2003-12-28,
2003-12-29,
2003-12-30,
2003-12-31,
